species,FishID,Year,Increment,Capture_age_chron,Length,Sex,Coll_yr,Lat,Long,Cohort,Increment_age
POP,46,1960,0.019147314,63,440,1,2008,54.6838,-166.3388,1945,16
POP,46,1961,0.015681243,63,440,1,2008,54.6838,-166.3388,1945,17
POP,46,1962,0.019501795,63,440,1,2008,54.6838,-166.3388,1945,18
POP,46,1963,0.020267927,63,440,1,2008,54.6838,-166.3388,1945,19
POP,46,1964,0.018982779,63,440,1,2008,54.6838,-166.3388,1945,20
POP,46,1965,0.014362365,63,440,1,2008,54.6838,-166.3388,1945,21
POP,46,1966,0.013855069,63,440,1,2008,54.6838,-166.3388,1945,22
POP,46,1967,0.015711573,63,440,1,2008,54.6838,-166.3388,1945,23
POP,46,1968,0.016402283,63,440,1,2008,54.6838,-166.3388,1945,24
POP,46,1969,0.016214127,63,440,1,2008,54.6838,-166.3388,1945,25
POP,46,1970,0.015425538,63,440,1,2008,54.6838,-166.3388,1945,26
POP,46,1971,0.013651883,63,440,1,2008,54.6838,-166.3388,1945,27
POP,46,1972,0.013340706,63,440,1,2008,54.6838,-166.3388,1945,28
POP,46,1973,0.014874133,63,440,1,2008,54.6838,-166.3388,1945,29
POP,46,1974,0.01461816,63,440,1,2008,54.6838,-166.3388,1945,30
POP,46,1975,0.015355125,63,440,1,2008,54.6838,-166.3388,1945,31
POP,46,1976,0.014625228,63,440,1,2008,54.6838,-166.3388,1945,32
POP,46,1977,0.015704237,63,440,1,2008,54.6838,-166.3388,1945,33
POP,46,1978,0.017403453,63,440,1,2008,54.6838,-166.3388,1945,34
POP,46,1979,0.017965683,63,440,1,2008,54.6838,-166.3388,1945,35
POP,46,1980,0.01638251,63,440,1,2008,54.6838,-166.3388,1945,36
POP,46,1981,0.016555276,63,440,1,2008,54.6838,-166.3388,1945,37
POP,46,1982,0.014427588,63,440,1,2008,54.6838,-166.3388,1945,38
POP,46,1983,0.016277203,63,440,1,2008,54.6838,-166.3388,1945,39
POP,46,1984,0.013535482,63,440,1,2008,54.6838,-166.3388,1945,40
POP,46,1985,0.011897822,63,440,1,2008,54.6838,-166.3388,1945,41
POP,46,1986,0.011006789,63,440,1,2008,54.6838,-166.3388,1945,42
POP,46,1987,0.015260823,63,440,1,2008,54.6838,-166.3388,1945,43
POP,46,1988,0.015464547,63,440,1,2008,54.6838,-166.3388,1945,44
POP,46,1989,0.01433785,63,440,1,2008,54.6838,-166.3388,1945,45
POP,46,1990,0.015550169,63,440,1,2008,54.6838,-166.3388,1945,46
POP,46,1991,0.013251772,63,440,1,2008,54.6838,-166.3388,1945,47
POP,46,1992,0.009648633,63,440,1,2008,54.6838,-166.3388,1945,48
POP,46,1993,0.014314767,63,440,1,2008,54.6838,-166.3388,1945,49
POP,46,1994,0.01173776,63,440,1,2008,54.6838,-166.3388,1945,50
POP,46,1995,0.012995977,63,440,1,2008,54.6838,-166.3388,1945,51
POP,46,1996,0.012145296,63,440,1,2008,54.6838,-166.3388,1945,52
POP,46,1997,0.011628875,63,440,1,2008,54.6838,-166.3388,1945,53
POP,46,1998,0.013503004,63,440,1,2008,54.6838,-166.3388,1945,54
POP,46,1999,0.008494648,63,440,1,2008,54.6838,-166.3388,1945,55
POP,46,2000,0.011743307,63,440,1,2008,54.6838,-166.3388,1945,56
POP,46,2001,0.013259914,63,440,1,2008,54.6838,-166.3388,1945,57
POP,46,2002,0.011940051,63,440,1,2008,54.6838,-166.3388,1945,58
POP,46,2003,0.012039095,63,440,1,2008,54.6838,-166.3388,1945,59
POP,46,2004,0.013347595,63,440,1,2008,54.6838,-166.3388,1945,60
POP,46,2005,0.012953658,63,440,1,2008,54.6838,-166.3388,1945,61
POP,46,2006,0.012810148,63,440,1,2008,54.6838,-166.3388,1945,62
POP,66,1946,0.020084603,72,420,1,2008,54.7272,-166.989,1936,11
POP,66,1947,0.026682246,72,420,1,2008,54.7272,-166.989,1936,12
POP,66,1948,0.031229235,72,420,1,2008,54.7272,-166.989,1936,13
POP,66,1949,0.023367559,72,420,1,2008,54.7272,-166.989,1936,14
POP,66,1950,0.024364136,72,420,1,2008,54.7272,-166.989,1936,15
POP,66,1951,0.018313095,72,420,1,2008,54.7272,-166.989,1936,16
POP,66,1952,0.026252671,72,420,1,2008,54.7272,-166.989,1936,17
POP,66,1953,0.019896716,72,420,1,2008,54.7272,-166.989,1936,18
POP,66,1954,0.014683831,72,420,1,2008,54.7272,-166.989,1936,19
POP,66,1955,0.020497716,72,420,1,2008,54.7272,-166.989,1936,20
POP,66,1956,0.017008174,72,420,1,2008,54.7272,-166.989,1936,21
POP,66,1957,0.016465448,72,420,1,2008,54.7272,-166.989,1936,22
POP,66,1958,0.019452371,72,420,1,2008,54.7272,-166.989,1936,23
POP,66,1959,0.018835457,72,420,1,2008,54.7272,-166.989,1936,24
POP,66,1960,0.015644882,72,420,1,2008,54.7272,-166.989,1936,25
POP,66,1961,0.014404183,72,420,1,2008,54.7272,-166.989,1936,26
POP,66,1962,0.018103664,72,420,1,2008,54.7272,-166.989,1936,27
POP,66,1963,0.017689238,72,420,1,2008,54.7272,-166.989,1936,28
POP,66,1964,0.016561987,72,420,1,2008,54.7272,-166.989,1936,29
POP,66,1965,0.016642796,72,420,1,2008,54.7272,-166.989,1936,30
POP,66,1966,0.01336268,72,420,1,2008,54.7272,-166.989,1936,31
POP,66,1967,0.016841062,72,420,1,2008,54.7272,-166.989,1936,32
POP,66,1968,0.015516761,72,420,1,2008,54.7272,-166.989,1936,33
POP,66,1969,0.015787748,72,420,1,2008,54.7272,-166.989,1936,34
POP,66,1970,0.017923006,72,420,1,2008,54.7272,-166.989,1936,35
POP,66,1971,0.014292381,72,420,1,2008,54.7272,-166.989,1936,36
POP,66,1972,0.014472466,72,420,1,2008,54.7272,-166.989,1936,37
POP,66,1973,0.015864693,72,420,1,2008,54.7272,-166.989,1936,38
POP,66,1974,0.015382198,72,420,1,2008,54.7272,-166.989,1936,39
POP,66,1975,0.015699352,72,420,1,2008,54.7272,-166.989,1936,40
POP,66,1976,0.013117675,72,420,1,2008,54.7272,-166.989,1936,41
POP,66,1977,0.020608683,72,420,1,2008,54.7272,-166.989,1936,42
POP,66,1978,0.020057905,72,420,1,2008,54.7272,-166.989,1936,43
POP,66,1979,0.020739023,72,420,1,2008,54.7272,-166.989,1936,44
POP,66,1980,0.017239311,72,420,1,2008,54.7272,-166.989,1936,45
POP,66,1981,0.017080913,72,420,1,2008,54.7272,-166.989,1936,46
POP,66,1982,0.015476822,72,420,1,2008,54.7272,-166.989,1936,47
POP,66,1983,0.015866768,72,420,1,2008,54.7272,-166.989,1936,48
POP,66,1984,0.015067621,72,420,1,2008,54.7272,-166.989,1936,49
POP,66,1985,0.014582336,72,420,1,2008,54.7272,-166.989,1936,50
POP,66,1986,0.013493163,72,420,1,2008,54.7272,-166.989,1936,51
POP,66,1987,0.014139351,72,420,1,2008,54.7272,-166.989,1936,52
POP,66,1988,0.015656836,72,420,1,2008,54.7272,-166.989,1936,53
POP,66,1989,0.01453574,72,420,1,2008,54.7272,-166.989,1936,54
POP,66,1990,0.013059197,72,420,1,2008,54.7272,-166.989,1936,55
POP,66,1991,0.016155148,72,420,1,2008,54.7272,-166.989,1936,56
POP,66,1992,0.014641672,72,420,1,2008,54.7272,-166.989,1936,57
POP,66,1993,0.012826789,72,420,1,2008,54.7272,-166.989,1936,58
POP,66,1994,0.013849898,72,420,1,2008,54.7272,-166.989,1936,59
POP,66,1995,0.014682972,72,420,1,2008,54.7272,-166.989,1936,60
POP,66,1996,0.016496781,72,420,1,2008,54.7272,-166.989,1936,61
POP,66,1997,0.014440901,72,420,1,2008,54.7272,-166.989,1936,62
POP,66,1998,0.016543019,72,420,1,2008,54.7272,-166.989,1936,63
POP,66,1999,0.013475269,72,420,1,2008,54.7272,-166.989,1936,64
POP,66,2000,0.012548788,72,420,1,2008,54.7272,-166.989,1936,65
POP,66,2001,0.015605015,72,420,1,2008,54.7272,-166.989,1936,66
POP,66,2002,0.016329293,72,420,1,2008,54.7272,-166.989,1936,67
POP,66,2003,0.015549257,72,420,1,2008,54.7272,-166.989,1936,68
POP,66,2004,0.014098696,72,420,1,2008,54.7272,-166.989,1936,69
POP,66,2005,0.015425359,72,420,1,2008,54.7272,-166.989,1936,70
POP,96,1979,0.018121271,52,460,2,2008,55.6924,-168.7847,1956,24
POP,96,1980,0.016309323,52,460,2,2008,55.6924,-168.7847,1956,25
POP,96,1981,0.016964602,52,460,2,2008,55.6924,-168.7847,1956,26
POP,96,1982,0.015817596,52,460,2,2008,55.6924,-168.7847,1956,27
POP,96,1983,0.013882894,52,460,2,2008,55.6924,-168.7847,1956,28
POP,96,1984,0.014298393,52,460,2,2008,55.6924,-168.7847,1956,29
POP,96,1985,0.009744366,52,460,2,2008,55.6924,-168.7847,1956,30
POP,96,1986,0.016425634,52,460,2,2008,55.6924,-168.7847,1956,31
POP,96,1987,0.014378201,52,460,2,2008,55.6924,-168.7847,1956,32
POP,96,1988,0.013059412,52,460,2,2008,55.6924,-168.7847,1956,33
POP,96,1989,0.009278764,52,460,2,2008,55.6924,-168.7847,1956,34
POP,96,1990,0.017284905,52,460,2,2008,55.6924,-168.7847,1956,35
POP,96,1991,0.014487712,52,460,2,2008,55.6924,-168.7847,1956,36
POP,96,1992,0.012074525,52,460,2,2008,55.6924,-168.7847,1956,37
POP,96,1993,0.016678656,52,460,2,2008,55.6924,-168.7847,1956,38
POP,96,1994,0.012077746,52,460,2,2008,55.6924,-168.7847,1956,39
POP,96,1995,0.015970768,52,460,2,2008,55.6924,-168.7847,1956,40
POP,96,1996,0.011809336,52,460,2,2008,55.6924,-168.7847,1956,41
POP,96,1997,0.014586845,52,460,2,2008,55.6924,-168.7847,1956,42
POP,96,1998,0.012642481,52,460,2,2008,55.6924,-168.7847,1956,43
POP,96,1999,0.014378201,52,460,2,2008,55.6924,-168.7847,1956,44
POP,96,2000,0.015226377,52,460,2,2008,55.6924,-168.7847,1956,45
POP,96,2001,0.012665743,52,460,2,2008,55.6924,-168.7847,1956,46
POP,96,2002,0.010638351,52,460,2,2008,55.6924,-168.7847,1956,47
POP,96,2003,0.019849833,52,460,2,2008,55.6924,-168.7847,1956,48
POP,96,2004,0.011499411,52,460,2,2008,55.6924,-168.7847,1956,49
POP,96,2005,0.015531649,52,460,2,2008,55.6924,-168.7847,1956,50
POP,96,2006,0.014089033,52,460,2,2008,55.6924,-168.7847,1956,51
POP,97,1981,0.019463323,55,450,2,2008,55.6924,-168.7847,1953,29
POP,97,1982,0.016898752,55,450,2,2008,55.6924,-168.7847,1953,30
POP,97,1983,0.015799344,55,450,2,2008,55.6924,-168.7847,1953,31
POP,97,1984,0.009474882,55,450,2,2008,55.6924,-168.7847,1953,32
POP,97,1985,0.01110109,55,450,2,2008,55.6924,-168.7847,1953,33
POP,97,1986,0.0146688,55,450,2,2008,55.6924,-168.7847,1953,34
POP,97,1987,0.016305029,55,450,2,2008,55.6924,-168.7847,1953,35
POP,97,1988,0.012805675,55,450,2,2008,55.6924,-168.7847,1953,36
POP,97,1989,0.013935861,55,450,2,2008,55.6924,-168.7847,1953,37
POP,97,1990,0.019287603,55,450,2,2008,55.6924,-168.7847,1953,38
POP,97,1991,0.014748607,55,450,2,2008,55.6924,-168.7847,1953,39
POP,97,1992,0.018332779,55,450,2,2008,55.6924,-168.7847,1953,40
POP,97,1993,0.016978202,55,450,2,2008,55.6924,-168.7847,1953,41
POP,97,1994,0.01146756,55,450,2,2008,55.6924,-168.7847,1953,42
POP,97,1995,0.017949847,55,450,2,2008,55.6924,-168.7847,1953,43
POP,97,1996,0.015115076,55,450,2,2008,55.6924,-168.7847,1953,44
POP,97,1997,0.012072736,55,450,2,2008,55.6924,-168.7847,1953,45
POP,97,1998,0.014748607,55,450,2,2008,55.6924,-168.7847,1953,46
POP,97,1999,0.011869817,55,450,2,2008,55.6924,-168.7847,1953,47
POP,97,2000,0.011547009,55,450,2,2008,55.6924,-168.7847,1953,48
POP,97,2001,0.012359398,55,450,2,2008,55.6924,-168.7847,1953,49
POP,97,2002,0.013284876,55,450,2,2008,55.6924,-168.7847,1953,50
POP,97,2003,0.017103818,55,450,2,2008,55.6924,-168.7847,1953,51
POP,97,2004,0.014748607,55,450,2,2008,55.6924,-168.7847,1953,52
POP,97,2005,0.012279948,55,450,2,2008,55.6924,-168.7847,1953,53
POP,108,1965,0.019127631,55,410,1,2008,55.6924,-168.7847,1953,13
POP,108,1966,0.021505388,55,410,1,2008,55.6924,-168.7847,1953,14
POP,108,1967,0.021487136,55,410,1,2008,55.6924,-168.7847,1953,15
POP,108,1968,0.018685291,55,410,1,2008,55.6924,-168.7847,1953,16
POP,108,1969,0.017644217,55,410,1,2008,55.6924,-168.7847,1953,17
POP,108,1970,0.020241235,55,410,1,2008,55.6924,-168.7847,1953,18
POP,108,1971,0.019033628,55,410,1,2008,55.6924,-168.7847,1953,19
POP,108,1972,0.015085611,55,410,1,2008,55.6924,-168.7847,1953,20
POP,108,1973,0.016894338,55,410,1,2008,55.6924,-168.7847,1953,21
POP,108,1974,0.018268002,55,410,1,2008,55.6924,-168.7847,1953,22
POP,108,1975,0.01693621,55,410,1,2008,55.6924,-168.7847,1953,23
POP,108,1976,0.017567988,55,410,1,2008,55.6924,-168.7847,1953,24
POP,108,1977,0.023924182,55,410,1,2008,55.6924,-168.7847,1953,25
POP,108,1978,0.019802116,55,410,1,2008,55.6924,-168.7847,1953,26
POP,108,1979,0.019468094,55,410,1,2008,55.6924,-168.7847,1953,27
POP,108,1980,0.017156307,55,410,1,2008,55.6924,-168.7847,1953,28
POP,108,1981,0.019628663,55,410,1,2008,55.6924,-168.7847,1953,29
POP,108,1982,0.015731108,55,410,1,2008,55.6924,-168.7847,1953,30
POP,108,1983,0.016281647,55,410,1,2008,55.6924,-168.7847,1953,31
POP,108,1984,0.017694081,55,410,1,2008,55.6924,-168.7847,1953,32
POP,108,1985,0.015809722,55,410,1,2008,55.6924,-168.7847,1953,33
POP,108,1986,0.016139807,55,410,1,2008,55.6924,-168.7847,1953,34
POP,108,1987,0.01711181,55,410,1,2008,55.6924,-168.7847,1953,35
POP,108,1988,0.014487951,55,410,1,2008,55.6924,-168.7847,1953,36
POP,108,1989,0.013904129,55,410,1,2008,55.6924,-168.7847,1953,37
POP,108,1990,0.014556664,55,410,1,2008,55.6924,-168.7847,1953,38
POP,108,1991,0.013118343,55,410,1,2008,55.6924,-168.7847,1953,39
POP,108,1992,0.015114361,55,410,1,2008,55.6924,-168.7847,1953,40
POP,108,1993,0.013827542,55,410,1,2008,55.6924,-168.7847,1953,41
POP,108,1994,0.012424651,55,410,1,2008,55.6924,-168.7847,1953,42
POP,108,1995,0.014001114,55,410,1,2008,55.6924,-168.7847,1953,43
POP,108,1996,0.013498769,55,410,1,2008,55.6924,-168.7847,1953,44
POP,108,1997,0.01485609,55,410,1,2008,55.6924,-168.7847,1953,45
POP,108,1998,0.014544734,55,410,1,2008,55.6924,-168.7847,1953,46
POP,108,1999,0.012643078,55,410,1,2008,55.6924,-168.7847,1953,47
POP,108,2000,0.014098816,55,410,1,2008,55.6924,-168.7847,1953,48
POP,108,2001,0.01268316,55,410,1,2008,55.6924,-168.7847,1953,49
POP,108,2002,0.013363491,55,410,1,2008,55.6924,-168.7847,1953,50
POP,108,2003,0.01307826,55,410,1,2008,55.6924,-168.7847,1953,51
POP,108,2004,0.014367107,55,410,1,2008,55.6924,-168.7847,1953,52
POP,108,2005,0.013302174,55,410,1,2008,55.6924,-168.7847,1953,53
POP,108,2006,0.015954306,55,410,1,2008,55.6924,-168.7847,1953,54
POP,109,1945,0.034456362,67,420,1,2008,55.6924,-168.7847,1941,5
POP,109,1946,0.029246578,67,420,1,2008,55.6924,-168.7847,1941,6
POP,109,1947,0.025445054,67,420,1,2008,55.6924,-168.7847,1941,7
POP,109,1948,0.02668833,67,420,1,2008,55.6924,-168.7847,1941,8
POP,109,1949,0.029974358,67,420,1,2008,55.6924,-168.7847,1941,9
POP,109,1950,0.025180103,67,420,1,2008,55.6924,-168.7847,1941,10
POP,109,1951,0.023771934,67,420,1,2008,55.6924,-168.7847,1941,11
POP,109,1952,0.024611431,67,420,1,2008,55.6924,-168.7847,1941,12
POP,109,1953,0.01937421,67,420,1,2008,55.6924,-168.7847,1941,13
POP,109,1954,0.01888132,67,420,1,2008,55.6924,-168.7847,1941,14
POP,109,1955,0.016429571,67,420,1,2008,55.6924,-168.7847,1941,15
POP,109,1956,0.01495573,67,420,1,2008,55.6924,-168.7847,1941,16
POP,109,1957,0.019458312,67,420,1,2008,55.6924,-168.7847,1941,17
POP,109,1958,0.019164403,67,420,1,2008,55.6924,-168.7847,1941,18
POP,109,1959,0.019092738,67,420,1,2008,55.6924,-168.7847,1941,19
POP,109,1960,0.015491388,67,420,1,2008,55.6924,-168.7847,1941,20
POP,109,1961,0.016043865,67,420,1,2008,55.6924,-168.7847,1941,21
POP,109,1962,0.018336357,67,420,1,2008,55.6924,-168.7847,1941,22
POP,109,1963,0.018992799,67,420,1,2008,55.6924,-168.7847,1941,23
POP,109,1964,0.019505642,67,420,1,2008,55.6924,-168.7847,1941,24
POP,109,1965,0.016149351,67,420,1,2008,55.6924,-168.7847,1941,25
POP,109,1966,0.017277121,67,420,1,2008,55.6924,-168.7847,1941,26
POP,109,1967,0.015402633,67,420,1,2008,55.6924,-168.7847,1941,27
POP,109,1968,0.016856433,67,420,1,2008,55.6924,-168.7847,1941,28
POP,109,1969,0.018022407,67,420,1,2008,55.6924,-168.7847,1941,29
POP,109,1970,0.017910122,67,420,1,2008,55.6924,-168.7847,1941,30
POP,109,1971,0.014709509,67,420,1,2008,55.6924,-168.7847,1941,31
POP,109,1972,0.013780541,67,420,1,2008,55.6924,-168.7847,1941,32
POP,109,1973,0.013878868,67,420,1,2008,55.6924,-168.7847,1941,33
POP,109,1974,0.014016652,67,420,1,2008,55.6924,-168.7847,1941,34
POP,109,1975,0.012038737,67,420,1,2008,55.6924,-168.7847,1941,35
POP,109,1976,0.012438042,67,420,1,2008,55.6924,-168.7847,1941,36
POP,109,1977,0.017580246,67,420,1,2008,55.6924,-168.7847,1941,37
POP,109,1978,0.017891781,67,420,1,2008,55.6924,-168.7847,1941,38
POP,109,1979,0.019651478,67,420,1,2008,55.6924,-168.7847,1941,39
POP,109,1980,0.017985187,67,420,1,2008,55.6924,-168.7847,1941,40
POP,109,1981,0.01742931,67,420,1,2008,55.6924,-168.7847,1941,41
POP,109,1982,0.016314333,67,420,1,2008,55.6924,-168.7847,1941,42
POP,109,1983,0.014682489,67,420,1,2008,55.6924,-168.7847,1941,43
POP,109,1984,0.013679887,67,420,1,2008,55.6924,-168.7847,1941,44
POP,109,1985,0.012670396,67,420,1,2008,55.6924,-168.7847,1941,45
POP,109,1986,0.014438862,67,420,1,2008,55.6924,-168.7847,1941,46
POP,109,1987,0.01608028,67,420,1,2008,55.6924,-168.7847,1941,47
POP,109,1988,0.015790844,67,420,1,2008,55.6924,-168.7847,1941,48
POP,109,1989,0.017969888,67,420,1,2008,55.6924,-168.7847,1941,49
POP,109,1990,0.017749165,67,420,1,2008,55.6924,-168.7847,1941,50
POP,109,1991,0.015922186,67,420,1,2008,55.6924,-168.7847,1941,51
POP,109,1992,0.016158924,67,420,1,2008,55.6924,-168.7847,1941,52
POP,109,1993,0.015010128,67,420,1,2008,55.6924,-168.7847,1941,53
POP,109,1994,0.015861436,67,420,1,2008,55.6924,-168.7847,1941,54
POP,109,1995,0.016940177,67,420,1,2008,55.6924,-168.7847,1941,55
POP,109,1996,0.016924072,67,420,1,2008,55.6924,-168.7847,1941,56
POP,109,1997,0.016928456,67,420,1,2008,55.6924,-168.7847,1941,57
POP,109,1998,0.017364354,67,420,1,2008,55.6924,-168.7847,1941,58
POP,109,1999,0.01509754,67,420,1,2008,55.6924,-168.7847,1941,59
POP,109,2000,0.01440871,67,420,1,2008,55.6924,-168.7847,1941,60
POP,109,2001,0.014358517,67,420,1,2008,55.6924,-168.7847,1941,61
POP,109,2002,0.014287478,67,420,1,2008,55.6924,-168.7847,1941,62
POP,109,2003,0.017762228,67,420,1,2008,55.6924,-168.7847,1941,63
POP,109,2004,0.017761781,67,420,1,2008,55.6924,-168.7847,1941,64
POP,109,2005,0.016472606,67,420,1,2008,55.6924,-168.7847,1941,65
POP,109,2006,0.016369089,67,420,1,2008,55.6924,-168.7847,1941,66
POP,145,1958,0.028273979,64,420,1,2008,56.0639,-169.489,1944,15
POP,145,1959,0.031529616,64,420,1,2008,56.0639,-169.489,1944,16
POP,145,1960,0.032920697,64,420,1,2008,56.0639,-169.489,1944,17
POP,145,1961,0.021497157,64,420,1,2008,56.0639,-169.489,1944,18
POP,145,1962,0.022941204,64,420,1,2008,56.0639,-169.489,1944,19
POP,145,1963,0.023152711,64,420,1,2008,56.0639,-169.489,1944,20
POP,145,1964,0.021135697,64,420,1,2008,56.0639,-169.489,1944,21
POP,145,1965,0.016955566,64,420,1,2008,56.0639,-169.489,1944,22
POP,145,1966,0.02095733,64,420,1,2008,56.0639,-169.489,1944,23
POP,145,1967,0.021262316,64,420,1,2008,56.0639,-169.489,1944,24
POP,145,1968,0.02406323,64,420,1,2008,56.0639,-169.489,1944,25
POP,145,1969,0.022471951,64,420,1,2008,56.0639,-169.489,1944,26
POP,145,1970,0.022220648,64,420,1,2008,56.0639,-169.489,1944,27
POP,145,1971,0.015916227,64,420,1,2008,56.0639,-169.489,1944,28
POP,145,1972,0.019668603,64,420,1,2008,56.0639,-169.489,1944,29
POP,145,1973,0.021432595,64,420,1,2008,56.0639,-169.489,1944,30
POP,145,1974,0.021188592,64,420,1,2008,56.0639,-169.489,1944,31
POP,145,1975,0.018885632,64,420,1,2008,56.0639,-169.489,1944,32
POP,145,1976,0.020071791,64,420,1,2008,56.0639,-169.489,1944,33
POP,145,1977,0.022049652,64,420,1,2008,56.0639,-169.489,1944,34
POP,145,1978,0.021321509,64,420,1,2008,56.0639,-169.489,1944,35
POP,145,1979,0.022464078,64,420,1,2008,56.0639,-169.489,1944,36
POP,145,1980,0.019465899,64,420,1,2008,56.0639,-169.489,1944,37
POP,145,1981,0.021992177,64,420,1,2008,56.0639,-169.489,1944,38
POP,145,1982,0.019143592,64,420,1,2008,56.0639,-169.489,1944,39
POP,145,1983,0.020311785,64,420,1,2008,56.0639,-169.489,1944,40
POP,145,1984,0.01784191,64,420,1,2008,56.0639,-169.489,1944,41
POP,145,1985,0.015925819,64,420,1,2008,56.0639,-169.489,1944,42
POP,145,1986,0.018841899,64,420,1,2008,56.0639,-169.489,1944,43
POP,145,1987,0.016768985,64,420,1,2008,56.0639,-169.489,1944,44
POP,145,1988,0.017651088,64,420,1,2008,56.0639,-169.489,1944,45
POP,145,1989,0.015311911,64,420,1,2008,56.0639,-169.489,1944,46
POP,145,1990,0.017042047,64,420,1,2008,56.0639,-169.489,1944,47
POP,145,1991,0.016810284,64,420,1,2008,56.0639,-169.489,1944,48
POP,145,1992,0.014853036,64,420,1,2008,56.0639,-169.489,1944,49
POP,145,1993,0.017155782,64,420,1,2008,56.0639,-169.489,1944,50
POP,145,1994,0.012800736,64,420,1,2008,56.0639,-169.489,1944,51
POP,145,1995,0.017754516,64,420,1,2008,56.0639,-169.489,1944,52
POP,145,1996,0.015635291,64,420,1,2008,56.0639,-169.489,1944,53
POP,145,1997,0.016120577,64,420,1,2008,56.0639,-169.489,1944,54
POP,145,1998,0.011660386,64,420,1,2008,56.0639,-169.489,1944,55
POP,145,1999,0.014114944,64,420,1,2008,56.0639,-169.489,1944,56
POP,145,2000,0.014770581,64,420,1,2008,56.0639,-169.489,1944,57
POP,145,2001,0.013814396,64,420,1,2008,56.0639,-169.489,1944,58
POP,145,2002,0.012146459,64,420,1,2008,56.0639,-169.489,1944,59
POP,145,2003,0.017987997,64,420,1,2008,56.0639,-169.489,1944,60
POP,145,2004,0.013018184,64,420,1,2008,56.0639,-169.489,1944,61
POP,145,2005,0.013867506,64,420,1,2008,56.0639,-169.489,1944,62
POP,145,2006,0.01211425,64,420,1,2008,56.0639,-169.489,1944,63
POP,150,1958,0.014044298,76,440,1,2008,56.0639,-169.489,1932,27
POP,150,1959,0.016279798,76,440,1,2008,56.0639,-169.489,1932,28
POP,150,1960,0.013108441,76,440,1,2008,56.0639,-169.489,1932,29
POP,150,1961,0.012327367,76,440,1,2008,56.0639,-169.489,1932,30
POP,150,1962,0.014766143,76,440,1,2008,56.0639,-169.489,1932,31
POP,150,1963,0.017844898,76,440,1,2008,56.0639,-169.489,1932,32
POP,150,1964,0.016711849,76,440,1,2008,56.0639,-169.489,1932,33
POP,150,1965,0.01186597,76,440,1,2008,56.0639,-169.489,1932,34
POP,150,1966,0.012327904,76,440,1,2008,56.0639,-169.489,1932,35
POP,150,1967,0.011408152,76,440,1,2008,56.0639,-169.489,1932,36
POP,150,1968,0.013157471,76,440,1,2008,56.0639,-169.489,1932,37
POP,150,1969,0.012392681,76,440,1,2008,56.0639,-169.489,1932,38
POP,150,1970,0.013976158,76,440,1,2008,56.0639,-169.489,1932,39
POP,150,1971,0.011753721,76,440,1,2008,56.0639,-169.489,1932,40
POP,150,1972,0.012671827,76,440,1,2008,56.0639,-169.489,1932,41
POP,150,1973,0.011315174,76,440,1,2008,56.0639,-169.489,1932,42
POP,150,1974,0.011492826,76,440,1,2008,56.0639,-169.489,1932,43
POP,150,1975,0.012650641,76,440,1,2008,56.0639,-169.489,1932,44
POP,150,1976,0.013114812,76,440,1,2008,56.0639,-169.489,1932,45
POP,150,1977,0.014089678,76,440,1,2008,56.0639,-169.489,1932,46
POP,150,1978,0.014927046,76,440,1,2008,56.0639,-169.489,1932,47
POP,150,1979,0.015005923,76,440,1,2008,56.0639,-169.489,1932,48
POP,150,1980,0.013145375,76,440,1,2008,56.0639,-169.489,1932,49
POP,150,1981,0.014916453,76,440,1,2008,56.0639,-169.489,1932,50
POP,150,1982,0.012520515,76,440,1,2008,56.0639,-169.489,1932,51
POP,150,1983,0.012650927,76,440,1,2008,56.0639,-169.489,1932,52
POP,150,1984,0.012869664,76,440,1,2008,56.0639,-169.489,1932,53
POP,150,1985,0.011799172,76,440,1,2008,56.0639,-169.489,1932,54
POP,150,1986,0.011330635,76,440,1,2008,56.0639,-169.489,1932,55
POP,150,1987,0.013094269,76,440,1,2008,56.0639,-169.489,1932,56
POP,150,1988,0.009497285,76,440,1,2008,56.0639,-169.489,1932,57
POP,150,1989,0.010423623,76,440,1,2008,56.0639,-169.489,1932,58
POP,150,1990,0.012494319,76,440,1,2008,56.0639,-169.489,1932,59
POP,150,1991,0.010502213,76,440,1,2008,56.0639,-169.489,1932,60
POP,150,1992,0.011727238,76,440,1,2008,56.0639,-169.489,1932,61
POP,150,1993,0.011284182,76,440,1,2008,56.0639,-169.489,1932,62
POP,150,1994,0.012624873,76,440,1,2008,56.0639,-169.489,1932,63
POP,150,1995,0.014756122,76,440,1,2008,56.0639,-169.489,1932,64
POP,150,1996,0.014071712,76,440,1,2008,56.0639,-169.489,1932,65
POP,150,1997,0.012615926,76,440,1,2008,56.0639,-169.489,1932,66
POP,150,1998,0.012513644,76,440,1,2008,56.0639,-169.489,1932,67
POP,150,1999,0.010842057,76,440,1,2008,56.0639,-169.489,1932,68
POP,150,2000,0.012257116,76,440,1,2008,56.0639,-169.489,1932,69
POP,150,2001,0.01182179,76,440,1,2008,56.0639,-169.489,1932,70
POP,150,2002,0.012353385,76,440,1,2008,56.0639,-169.489,1932,71
POP,150,2003,0.011838038,76,440,1,2008,56.0639,-169.489,1932,72
POP,150,2004,0.01220873,76,440,1,2008,56.0639,-169.489,1932,73
POP,150,2005,0.012973234,76,440,1,2008,56.0639,-169.489,1932,74
POP,150,2006,0.013095916,76,440,1,2008,56.0639,-169.489,1932,75
POP,199,1945,0.03056155,71,410,1,2010,57.8557,-173.8814,1939,7
POP,199,1946,0.027718191,71,410,1,2010,57.8557,-173.8814,1939,8
POP,199,1947,0.02404598,71,410,1,2010,57.8557,-173.8814,1939,9
POP,199,1948,0.029554475,71,410,1,2010,57.8557,-173.8814,1939,10
POP,199,1949,0.024348031,71,410,1,2010,57.8557,-173.8814,1939,11
POP,199,1950,0.021317859,71,410,1,2010,57.8557,-173.8814,1939,12
POP,199,1951,0.024990069,71,410,1,2010,57.8557,-173.8814,1939,13
POP,199,1952,0.02009355,71,410,1,2010,57.8557,-173.8814,1939,14
POP,199,1953,0.022541809,71,410,1,2010,57.8557,-173.8814,1939,15
POP,199,1954,0.018257624,71,410,1,2010,57.8557,-173.8814,1939,16
POP,199,1955,0.017697183,71,410,1,2010,57.8557,-173.8814,1939,17
POP,199,1956,0.015322289,71,410,1,2010,57.8557,-173.8814,1939,18
POP,199,1957,0.015933907,71,410,1,2010,57.8557,-173.8814,1939,19
POP,199,1958,0.017154279,71,410,1,2010,57.8557,-173.8814,1939,20
POP,199,1959,0.01934057,71,410,1,2010,57.8557,-173.8814,1939,21
POP,199,1960,0.016432792,71,410,1,2010,57.8557,-173.8814,1939,22
POP,199,1961,0.01745454,71,410,1,2010,57.8557,-173.8814,1939,23
POP,199,1962,0.017295283,71,410,1,2010,57.8557,-173.8814,1939,24
POP,199,1963,0.019177376,71,410,1,2010,57.8557,-173.8814,1939,25
POP,199,1964,0.017035104,71,410,1,2010,57.8557,-173.8814,1939,26
POP,199,1965,0.01627604,71,410,1,2010,57.8557,-173.8814,1939,27
POP,199,1966,0.017126364,71,410,1,2010,57.8557,-173.8814,1939,28
POP,199,1967,0.014372117,71,410,1,2010,57.8557,-173.8814,1939,29
POP,199,1968,0.015093604,71,410,1,2010,57.8557,-173.8814,1939,30
POP,199,1969,0.018229709,71,410,1,2010,57.8557,-173.8814,1939,31
POP,199,1970,0.020655422,71,410,1,2010,57.8557,-173.8814,1939,32
POP,199,1971,0.016141477,71,410,1,2010,57.8557,-173.8814,1939,33
POP,199,1972,0.01589275,71,410,1,2010,57.8557,-173.8814,1939,34
POP,199,1973,0.012159701,71,410,1,2010,57.8557,-173.8814,1939,35
POP,199,1974,0.013672461,71,410,1,2010,57.8557,-173.8814,1939,36
POP,199,1975,0.015093604,71,410,1,2010,57.8557,-173.8814,1939,37
POP,199,1976,0.012750203,71,410,1,2010,57.8557,-173.8814,1939,38
POP,199,1977,0.018678849,71,410,1,2010,57.8557,-173.8814,1939,39
POP,199,1978,0.019351664,71,410,1,2010,57.8557,-173.8814,1939,40
POP,199,1979,0.021319648,71,410,1,2010,57.8557,-173.8814,1939,41
POP,199,1980,0.019698092,71,410,1,2010,57.8557,-173.8814,1939,42
POP,199,1981,0.016514389,71,410,1,2010,57.8557,-173.8814,1939,43
POP,199,1982,0.016665772,71,410,1,2010,57.8557,-173.8814,1939,44
POP,199,1983,0.013271277,71,410,1,2010,57.8557,-173.8814,1939,45
POP,199,1984,0.016856164,71,410,1,2010,57.8557,-173.8814,1939,46
POP,199,1985,0.013791635,71,410,1,2010,57.8557,-173.8814,1939,47
POP,199,1986,0.013352516,71,410,1,2010,57.8557,-173.8814,1939,48
POP,199,1987,0.015153012,71,410,1,2010,57.8557,-173.8814,1939,49
POP,199,1988,0.011986129,71,410,1,2010,57.8557,-173.8814,1939,50
POP,199,1989,0.015153012,71,410,1,2010,57.8557,-173.8814,1939,51
POP,199,1990,0.017756591,71,410,1,2010,57.8557,-173.8814,1939,52
POP,199,1991,0.01411158,71,410,1,2010,57.8557,-173.8814,1939,53
POP,199,1992,0.012712626,71,410,1,2010,57.8557,-173.8814,1939,54
POP,199,1993,0.011969308,71,410,1,2010,57.8557,-173.8814,1939,55
POP,201,1942,0.027811955,70,420,1,2010,57.8557,-173.8814,1940,3
POP,201,1943,0.013508194,70,420,1,2010,57.8557,-173.8814,1940,4
POP,201,1944,0.014776879,70,420,1,2010,57.8557,-173.8814,1940,5
POP,201,1945,0.021237157,70,420,1,2010,57.8557,-173.8814,1940,6
POP,201,1946,0.025203544,70,420,1,2010,57.8557,-173.8814,1940,7
POP,201,1947,0.023349903,70,420,1,2010,57.8557,-173.8814,1940,8
POP,201,1948,0.019049076,70,420,1,2010,57.8557,-173.8814,1940,9
POP,201,1949,0.019054623,70,420,1,2010,57.8557,-173.8814,1940,10
POP,201,1950,0.019233563,70,420,1,2010,57.8557,-173.8814,1940,11
POP,201,1951,0.017539716,70,420,1,2010,57.8557,-173.8814,1940,12
POP,201,1952,0.018965332,70,420,1,2010,57.8557,-173.8814,1940,13
POP,201,1953,0.019009709,70,420,1,2010,57.8557,-173.8814,1940,14
POP,201,1954,0.024308665,70,420,1,2010,57.8557,-173.8814,1940,15
POP,201,1955,0.015192021,70,420,1,2010,57.8557,-173.8814,1940,16
POP,201,1956,0.018534623,70,420,1,2010,57.8557,-173.8814,1940,17
POP,201,1957,0.016402551,70,420,1,2010,57.8557,-173.8814,1940,18
POP,201,1958,0.018662386,70,420,1,2010,57.8557,-173.8814,1940,19
POP,201,1959,0.022449655,70,420,1,2010,57.8557,-173.8814,1940,20
POP,201,1960,0.018699069,70,420,1,2010,57.8557,-173.8814,1940,21
POP,201,1961,0.016222537,70,420,1,2010,57.8557,-173.8814,1940,22
POP,201,1962,0.019555656,70,420,1,2010,57.8557,-173.8814,1940,23
POP,201,1963,0.019324286,70,420,1,2010,57.8557,-173.8814,1940,24
POP,201,1964,0.020470756,70,420,1,2010,57.8557,-173.8814,1940,25
POP,201,1965,0.015596247,70,420,1,2010,57.8557,-173.8814,1940,26
POP,201,1966,0.01600262,70,420,1,2010,57.8557,-173.8814,1940,27
POP,201,1967,0.015125992,70,420,1,2010,57.8557,-173.8814,1940,28
POP,201,1968,0.020056509,70,420,1,2010,57.8557,-173.8814,1940,29
POP,201,1969,0.017230507,70,420,1,2010,57.8557,-173.8814,1940,30
POP,201,1970,0.015532902,70,420,1,2010,57.8557,-173.8814,1940,31
POP,201,1971,0.01238606,70,420,1,2010,57.8557,-173.8814,1940,32
POP,201,1972,0.01701721,70,420,1,2010,57.8557,-173.8814,1940,33
POP,201,1973,0.018721973,70,420,1,2010,57.8557,-173.8814,1940,34
POP,201,1974,0.014770438,70,420,1,2010,57.8557,-173.8814,1940,35
POP,201,1975,0.021135876,70,420,1,2010,57.8557,-173.8814,1940,36
POP,201,1976,0.019538656,70,420,1,2010,57.8557,-173.8814,1940,37
POP,201,1977,0.021068953,70,420,1,2010,57.8557,-173.8814,1940,38
POP,201,1978,0.018673481,70,420,1,2010,57.8557,-173.8814,1940,39
POP,201,1979,0.017038504,70,420,1,2010,57.8557,-173.8814,1940,40
POP,201,1980,0.020887507,70,420,1,2010,57.8557,-173.8814,1940,41
POP,201,1981,0.015621477,70,420,1,2010,57.8557,-173.8814,1940,42
POP,201,1982,0.018814128,70,420,1,2010,57.8557,-173.8814,1940,43
POP,201,1983,0.01708825,70,420,1,2010,57.8557,-173.8814,1940,44
POP,201,1984,0.014524216,70,420,1,2010,57.8557,-173.8814,1940,45
POP,201,1985,0.012725688,70,420,1,2010,57.8557,-173.8814,1940,46
POP,201,1986,0.014376054,70,420,1,2010,57.8557,-173.8814,1940,47
POP,201,1987,0.013155324,70,420,1,2010,57.8557,-173.8814,1940,48
POP,201,1988,0.020278574,70,420,1,2010,57.8557,-173.8814,1940,49
POP,201,1989,0.016971402,70,420,1,2010,57.8557,-173.8814,1940,50
POP,273,1958,0.027555713,69,430,1,2010,56.4677,-171.8376,1941,18
POP,273,1959,0.024768541,69,430,1,2010,56.4677,-171.8376,1941,19
POP,273,1960,0.020680653,69,430,1,2010,56.4677,-171.8376,1941,20
POP,273,1961,0.018382166,69,430,1,2010,56.4677,-171.8376,1941,21
POP,273,1962,0.017948057,69,430,1,2010,56.4677,-171.8376,1941,22
POP,273,1963,0.01735326,69,430,1,2010,56.4677,-171.8376,1941,23
POP,273,1964,0.021459758,69,430,1,2010,56.4677,-171.8376,1941,24
POP,273,1965,0.016663983,69,430,1,2010,56.4677,-171.8376,1941,25
POP,273,1966,0.013827423,69,430,1,2010,56.4677,-171.8376,1941,26
POP,273,1967,0.01427531,69,430,1,2010,56.4677,-171.8376,1941,27
POP,273,1968,0.014366033,69,430,1,2010,56.4677,-171.8376,1941,28
POP,273,1969,0.01157224,69,430,1,2010,56.4677,-171.8376,1941,29
POP,273,1970,0.01365564,69,430,1,2010,56.4677,-171.8376,1941,30
POP,273,1971,0.015430727,69,430,1,2010,56.4677,-171.8376,1941,31
POP,273,1972,0.014041435,69,430,1,2010,56.4677,-171.8376,1941,32
POP,273,1973,0.015229956,69,430,1,2010,56.4677,-171.8376,1941,33
POP,273,1974,0.014834319,69,430,1,2010,56.4677,-171.8376,1941,34
POP,273,1975,0.013729901,69,430,1,2010,56.4677,-171.8376,1941,35
POP,273,1976,0.015235682,69,430,1,2010,56.4677,-171.8376,1941,36
POP,273,1977,0.018141313,69,430,1,2010,56.4677,-171.8376,1941,37
POP,273,1978,0.019737996,69,430,1,2010,56.4677,-171.8376,1941,38
POP,273,1979,0.021414665,69,430,1,2010,56.4677,-171.8376,1941,39
POP,273,1980,0.016812145,69,430,1,2010,56.4677,-171.8376,1941,40
POP,273,1981,0.017530053,69,430,1,2010,56.4677,-171.8376,1941,41
POP,273,1982,0.013471332,69,430,1,2010,56.4677,-171.8376,1941,42
POP,273,1983,0.013648841,69,430,1,2010,56.4677,-171.8376,1941,43
POP,273,1984,0.013667271,69,430,1,2010,56.4677,-171.8376,1941,44
POP,273,1985,0.012790823,69,430,1,2010,56.4677,-171.8376,1941,45
POP,273,1986,0.013465069,69,430,1,2010,56.4677,-171.8376,1941,46
POP,273,1987,0.011407078,69,430,1,2010,56.4677,-171.8376,1941,47
POP,273,1988,0.011955888,69,430,1,2010,56.4677,-171.8376,1941,48
POP,273,1989,0.016435297,69,430,1,2010,56.4677,-171.8376,1941,49
POP,273,1990,0.015638834,69,430,1,2010,56.4677,-171.8376,1941,50
POP,273,1991,0.01258361,69,430,1,2010,56.4677,-171.8376,1941,51
POP,273,1992,0.010394814,69,430,1,2010,56.4677,-171.8376,1941,52
POP,273,1993,0.01825154,69,430,1,2010,56.4677,-171.8376,1941,53
POP,273,1994,0.013175544,69,430,1,2010,56.4677,-171.8376,1941,54
POP,273,1995,0.011027904,69,430,1,2010,56.4677,-171.8376,1941,55
POP,273,1996,0.012136975,69,430,1,2010,56.4677,-171.8376,1941,56
POP,273,1997,0.013641325,69,430,1,2010,56.4677,-171.8376,1941,57
POP,273,1998,0.011113437,69,430,1,2010,56.4677,-171.8376,1941,58
POP,273,1999,0.010801545,69,430,1,2010,56.4677,-171.8376,1941,59
POP,273,2000,0.011521421,69,430,1,2010,56.4677,-171.8376,1941,60
POP,273,2001,0.011188771,69,430,1,2010,56.4677,-171.8376,1941,61
POP,273,2002,0.009263912,69,430,1,2010,56.4677,-171.8376,1941,62
POP,273,2003,0.00887078,69,430,1,2010,56.4677,-171.8376,1941,63
POP,273,2004,0.01005948,69,430,1,2010,56.4677,-171.8376,1941,64
POP,273,2005,0.012257044,69,430,1,2010,56.4677,-171.8376,1941,65
POP,273,2006,0.007876231,69,430,1,2010,56.4677,-171.8376,1941,66
POP,273,2007,0.009625729,69,430,1,2010,56.4677,-171.8376,1941,67
POP,274,1947,0.028112396,69,450,1,2010,56.4677,-171.8376,1941,7
POP,274,1948,0.030367758,69,450,1,2010,56.4677,-171.8376,1941,8
POP,274,1949,0.026886835,69,450,1,2010,56.4677,-171.8376,1941,9
POP,274,1950,0.027636415,69,450,1,2010,56.4677,-171.8376,1941,10
POP,274,1951,0.025024067,69,450,1,2010,56.4677,-171.8376,1941,11
POP,274,1952,0.022881617,69,450,1,2010,56.4677,-171.8376,1941,12
POP,274,1953,0.021493757,69,450,1,2010,56.4677,-171.8376,1941,13
POP,274,1954,0.020147053,69,450,1,2010,56.4677,-171.8376,1941,14
POP,274,1955,0.019497679,69,450,1,2010,56.4677,-171.8376,1941,15
POP,274,1956,0.018669186,69,450,1,2010,56.4677,-171.8376,1941,16
POP,274,1957,0.020084603,69,450,1,2010,56.4677,-171.8376,1941,17
POP,274,1958,0.021369214,69,450,1,2010,56.4677,-171.8376,1941,18
POP,274,1959,0.018987342,69,450,1,2010,56.4677,-171.8376,1941,19
POP,274,1960,0.017633838,69,450,1,2010,56.4677,-171.8376,1941,20
POP,274,1961,0.017384575,69,450,1,2010,56.4677,-171.8376,1941,21
POP,274,1962,0.018758835,69,450,1,2010,56.4677,-171.8376,1941,22
POP,274,1963,0.019334307,69,450,1,2010,56.4677,-171.8376,1941,23
POP,274,1964,0.017248401,69,450,1,2010,56.4677,-171.8376,1941,24
POP,274,1965,0.01608529,69,450,1,2010,56.4677,-171.8376,1941,25
POP,274,1966,0.013739563,69,450,1,2010,56.4677,-171.8376,1941,26
POP,274,1967,0.01382456,69,450,1,2010,56.4677,-171.8376,1941,27
POP,274,1968,0.016398435,69,450,1,2010,56.4677,-171.8376,1941,28
POP,274,1969,0.016453191,69,450,1,2010,56.4677,-171.8376,1941,29
POP,274,1970,0.015950548,69,450,1,2010,56.4677,-171.8376,1941,30
POP,274,1971,0.010707601,69,450,1,2010,56.4677,-171.8376,1941,31
POP,274,1972,0.01238606,69,450,1,2010,56.4677,-171.8376,1941,32
POP,274,1973,0.011896301,69,450,1,2010,56.4677,-171.8376,1941,33
POP,274,1974,0.010925371,69,450,1,2010,56.4677,-171.8376,1941,34
POP,274,1975,0.011203981,69,450,1,2010,56.4677,-171.8376,1941,35
POP,274,1976,0.012906597,69,450,1,2010,56.4677,-171.8376,1941,36
POP,274,1977,0.016309681,69,450,1,2010,56.4677,-171.8376,1941,37
POP,274,1978,0.016463033,69,450,1,2010,56.4677,-171.8376,1941,38
POP,274,1979,0.017520032,69,450,1,2010,56.4677,-171.8376,1941,39
POP,274,1980,0.016380899,69,450,1,2010,56.4677,-171.8376,1941,40
POP,274,1981,0.014300362,69,450,1,2010,56.4677,-171.8376,1941,41
POP,274,1982,0.011629143,69,450,1,2010,56.4677,-171.8376,1941,42
POP,274,1983,0.011376658,69,450,1,2010,56.4677,-171.8376,1941,43
POP,274,1984,0.009047752,69,450,1,2010,56.4677,-171.8376,1941,44
POP,274,1985,0.007165838,69,450,1,2010,56.4677,-171.8376,1941,45
POP,274,1986,0.006723677,69,450,1,2010,56.4677,-171.8376,1941,46
POP,274,1987,0.008959534,69,450,1,2010,56.4677,-171.8376,1941,47
POP,274,1988,0.007733257,69,450,1,2010,56.4677,-171.8376,1941,48
POP,274,1989,0.009083182,69,450,1,2010,56.4677,-171.8376,1941,49
POP,274,1990,0.010953465,69,450,1,2010,56.4677,-171.8376,1941,50
POP,274,1991,0.009079603,69,450,1,2010,56.4677,-171.8376,1941,51
POP,274,1992,0.006219066,69,450,1,2010,56.4677,-171.8376,1941,52
POP,274,1993,0.009355708,69,450,1,2010,56.4677,-171.8376,1941,53
POP,274,1994,0.006442741,69,450,1,2010,56.4677,-171.8376,1941,54
POP,274,1995,0.006209582,69,450,1,2010,56.4677,-171.8376,1941,55
POP,274,1996,0.007428701,69,450,1,2010,56.4677,-171.8376,1941,56
POP,274,1997,0.007474152,69,450,1,2010,56.4677,-171.8376,1941,57
POP,274,1998,0.007328316,69,450,1,2010,56.4677,-171.8376,1941,58
POP,353,1966,0.02614638,59,420,2,2008,57.1398,-173.8597,1949,18
POP,353,1967,0.020384865,59,420,2,2008,57.1398,-173.8597,1949,19
POP,353,1968,0.017639564,59,420,2,2008,57.1398,-173.8597,1949,20
POP,353,1969,0.023587536,59,420,2,2008,57.1398,-173.8597,1949,21
POP,353,1970,0.017503928,59,420,2,2008,57.1398,-173.8597,1949,22
POP,353,1971,0.014945441,59,420,2,2008,57.1398,-173.8597,1949,23
POP,353,1972,0.017503928,59,420,2,2008,57.1398,-173.8597,1949,24
POP,353,1973,0.018283749,59,420,2,2008,57.1398,-173.8597,1949,25
POP,353,1974,0.017046557,59,420,2,2008,57.1398,-173.8597,1949,26
POP,353,1975,0.013302055,59,420,2,2008,57.1398,-173.8597,1949,27
POP,353,1976,0.019012036,59,420,2,2008,57.1398,-173.8597,1949,28
POP,353,1977,0.020655422,59,420,2,2008,57.1398,-173.8597,1949,29
POP,353,1978,0.017097734,59,420,2,2008,57.1398,-173.8597,1949,30
POP,353,1979,0.016588828,59,420,2,2008,57.1398,-173.8597,1949,31
POP,353,1980,0.015860541,59,420,2,2008,57.1398,-173.8597,1949,32
POP,353,1981,0.018283749,59,420,2,2008,57.1398,-173.8597,1949,33
POP,353,1982,0.014030341,59,420,2,2008,57.1398,-173.8597,1949,34
POP,353,1983,0.013624147,59,420,2,2008,57.1398,-173.8597,1949,35
POP,353,1984,0.01508072,59,420,2,2008,57.1398,-173.8597,1949,36
POP,353,1985,0.014352433,59,420,2,2008,57.1398,-173.8597,1949,37
POP,353,1986,0.01416562,59,420,2,2008,57.1398,-173.8597,1949,38
POP,353,1987,0.014602234,59,420,2,2008,57.1398,-173.8597,1949,39
POP,353,1988,0.013759426,59,420,2,2008,57.1398,-173.8597,1949,40
POP,353,1989,0.016453549,59,420,2,2008,57.1398,-173.8597,1949,41
POP,353,1990,0.012251318,59,420,2,2008,57.1398,-173.8597,1949,42
POP,353,1991,0.01416562,59,420,2,2008,57.1398,-173.8597,1949,43
POP,353,1992,0.015267533,59,420,2,2008,57.1398,-173.8597,1949,44
POP,353,1993,0.014758628,59,420,2,2008,57.1398,-173.8597,1949,45
POP,353,1994,0.012709047,59,420,2,2008,57.1398,-173.8597,1949,46
POP,353,1995,0.014030341,59,420,2,2008,57.1398,-173.8597,1949,47
POP,353,1996,0.012043747,59,420,2,2008,57.1398,-173.8597,1949,48
POP,353,1997,0.014352433,59,420,2,2008,57.1398,-173.8597,1949,49
POP,353,1998,0.012522233,59,420,2,2008,57.1398,-173.8597,1949,50
POP,353,1999,0.011336218,59,420,2,2008,57.1398,-173.8597,1949,51
POP,353,2000,0.011929226,59,420,2,2008,57.1398,-173.8597,1949,52
POP,353,2001,0.011607133,59,420,2,2008,57.1398,-173.8597,1949,53
POP,353,2002,0.012386955,59,420,2,2008,57.1398,-173.8597,1949,54
POP,353,2003,0.012844326,59,420,2,2008,57.1398,-173.8597,1949,55
POP,353,2004,0.01416562,59,420,2,2008,57.1398,-173.8597,1949,56
POP,353,2005,0.013759426,59,420,2,2008,57.1398,-173.8597,1949,57
POP,370,1960,0.026340888,61,420,1,2008,56.7004,-173.2978,1947,14
POP,370,1961,0.023404778,61,420,1,2008,56.7004,-173.2978,1947,15
POP,370,1962,0.026481833,61,420,1,2008,56.7004,-173.2978,1947,16
POP,370,1963,0.026859039,61,420,1,2008,56.7004,-173.2978,1947,17
POP,370,1964,0.025932248,61,420,1,2008,56.7004,-173.2978,1947,18
POP,370,1965,0.02007995,61,420,1,2008,56.7004,-173.2978,1947,19
POP,370,1966,0.019051044,61,420,1,2008,56.7004,-173.2978,1947,20
POP,370,1967,0.01977957,61,420,1,2008,56.7004,-173.2978,1947,21
POP,370,1968,0.020746443,61,420,1,2008,56.7004,-173.2978,1947,22
POP,370,1969,0.015696751,61,420,1,2008,56.7004,-173.2978,1947,23
POP,370,1970,0.01980319,61,420,1,2008,56.7004,-173.2978,1947,24
POP,370,1971,0.015787534,61,420,1,2008,56.7004,-173.2978,1947,25
POP,370,1972,0.015944166,61,420,1,2008,56.7004,-173.2978,1947,26
POP,370,1973,0.016024689,61,420,1,2008,56.7004,-173.2978,1947,27
POP,370,1974,0.016822166,61,420,1,2008,56.7004,-173.2978,1947,28
POP,370,1975,0.017352664,61,420,1,2008,56.7004,-173.2978,1947,29
POP,370,1976,0.015271828,61,420,1,2008,56.7004,-173.2978,1947,30
POP,370,1977,0.020055376,61,420,1,2008,56.7004,-173.2978,1947,31
POP,370,1978,0.020674986,61,420,1,2008,56.7004,-173.2978,1947,32
POP,370,1979,0.018287328,61,420,1,2008,56.7004,-173.2978,1947,33
POP,370,1980,0.017716986,61,420,1,2008,56.7004,-173.2978,1947,34
POP,370,1981,0.020713637,61,420,1,2008,56.7004,-173.2978,1947,35
POP,370,1982,0.019417514,61,420,1,2008,56.7004,-173.2978,1947,36
POP,370,1983,0.016619367,61,420,1,2008,56.7004,-173.2978,1947,37
POP,370,1984,0.015983533,61,420,1,2008,56.7004,-173.2978,1947,38
POP,370,1985,0.013352158,61,420,1,2008,56.7004,-173.2978,1947,39
POP,370,1986,0.015562188,61,420,1,2008,56.7004,-173.2978,1947,40
POP,370,1987,0.01490011,61,420,1,2008,56.7004,-173.2978,1947,41
POP,370,1988,0.012468313,61,420,1,2008,56.7004,-173.2978,1947,42
POP,370,1989,0.017681914,61,420,1,2008,56.7004,-173.2978,1947,43
POP,370,1990,0.019599556,61,420,1,2008,56.7004,-173.2978,1947,44
POP,370,1991,0.018415568,61,420,1,2008,56.7004,-173.2978,1947,45
POP,370,1992,0.016175118,61,420,1,2008,56.7004,-173.2978,1947,46
POP,370,1993,0.012333988,61,420,1,2008,56.7004,-173.2978,1947,47
POP,370,1994,0.015453631,61,420,1,2008,56.7004,-173.2978,1947,48
POP,370,1995,0.01844396,61,420,1,2008,56.7004,-173.2978,1947,49
POP,370,1996,0.013411447,61,420,1,2008,56.7004,-173.2978,1947,50
POP,370,1997,0.013914865,61,420,1,2008,56.7004,-173.2978,1947,51
POP,370,1998,0.016401895,61,420,1,2008,56.7004,-173.2978,1947,52
POP,370,1999,0.013013603,61,420,1,2008,56.7004,-173.2978,1947,53
POP,370,2000,0.01428551,61,420,1,2008,56.7004,-173.2978,1947,54
POP,370,2001,0.013169877,61,420,1,2008,56.7004,-173.2978,1947,55
POP,370,2002,0.01280478,61,420,1,2008,56.7004,-173.2978,1947,56
POP,370,2003,0.014524574,61,420,1,2008,56.7004,-173.2978,1947,57
POP,370,2004,0.013265193,61,420,1,2008,56.7004,-173.2978,1947,58
POP,392,1964,0.036922515,58,410,1,2008,56.5637,-172.8102,1950,15
POP,392,1965,0.032508419,58,410,1,2008,56.5637,-172.8102,1950,16
POP,392,1966,0.028723834,58,410,1,2008,56.5637,-172.8102,1950,17
POP,392,1967,0.029167248,58,410,1,2008,56.5637,-172.8102,1950,18
POP,392,1968,0.025110674,58,410,1,2008,56.5637,-172.8102,1950,19
POP,392,1969,0.025825719,58,410,1,2008,56.5637,-172.8102,1950,20
POP,392,1970,0.027208927,58,410,1,2008,56.5637,-172.8102,1950,21
POP,392,1971,0.017165194,58,410,1,2008,56.5637,-172.8102,1950,22
POP,392,1972,0.018246172,58,410,1,2008,56.5637,-172.8102,1950,23
POP,392,1973,0.017250429,58,410,1,2008,56.5637,-172.8102,1950,24
POP,392,1974,0.017558326,58,410,1,2008,56.5637,-172.8102,1950,25
POP,392,1975,0.017241124,58,410,1,2008,56.5637,-172.8102,1950,26
POP,392,1976,0.020244933,58,410,1,2008,56.5637,-172.8102,1950,27
POP,392,1977,0.025025738,58,410,1,2008,56.5637,-172.8102,1950,28
POP,392,1978,0.022792922,58,410,1,2008,56.5637,-172.8102,1950,29
POP,392,1979,0.023313042,58,410,1,2008,56.5637,-172.8102,1950,30
POP,392,1980,0.022825608,58,410,1,2008,56.5637,-172.8102,1950,31
POP,392,1981,0.022398061,58,410,1,2008,56.5637,-172.8102,1950,32
POP,392,1982,0.018160042,58,410,1,2008,56.5637,-172.8102,1950,33
POP,392,1983,0.017770906,58,410,1,2008,56.5637,-172.8102,1950,34
POP,392,1984,0.016664221,58,410,1,2008,56.5637,-172.8102,1950,35
POP,392,1985,0.016662551,58,410,1,2008,56.5637,-172.8102,1950,36
POP,392,1986,0.016632966,58,410,1,2008,56.5637,-172.8102,1950,37
POP,392,1987,0.01934057,58,410,1,2008,56.5637,-172.8102,1950,38
POP,392,1988,0.016257908,58,410,1,2008,56.5637,-172.8102,1950,39
POP,392,1989,0.017708158,58,410,1,2008,56.5637,-172.8102,1950,40
POP,392,1990,0.01931683,58,410,1,2008,56.5637,-172.8102,1950,41
POP,392,1991,0.016950048,58,410,1,2008,56.5637,-172.8102,1950,42
POP,392,1992,0.015989975,58,410,1,2008,56.5637,-172.8102,1950,43
POP,392,1993,0.021171963,58,410,1,2008,56.5637,-172.8102,1950,44
POP,392,1994,0.019930595,58,410,1,2008,56.5637,-172.8102,1950,45
POP,392,1995,0.016958757,58,410,1,2008,56.5637,-172.8102,1950,46
POP,392,1996,0.018931512,58,410,1,2008,56.5637,-172.8102,1950,47
POP,392,1997,0.016558646,58,410,1,2008,56.5637,-172.8102,1950,48
POP,392,1998,0.017797151,58,410,1,2008,56.5637,-172.8102,1950,49
POP,392,1999,0.013937292,58,410,1,2008,56.5637,-172.8102,1950,50
POP,392,2000,0.015463771,58,410,1,2008,56.5637,-172.8102,1950,51
POP,392,2001,0.014041555,58,410,1,2008,56.5637,-172.8102,1950,52
POP,392,2002,0.014639931,58,410,1,2008,56.5637,-172.8102,1950,53
POP,392,2003,0.017812063,58,410,1,2008,56.5637,-172.8102,1950,54
POP,392,2004,0.01307492,58,410,1,2008,56.5637,-172.8102,1950,55
POP,392,2005,0.011756906,58,410,1,2008,56.5637,-172.8102,1950,56
POP,513,1923,0.016892245,80,390,1,1981,60.747,-179.79633,1901,23
POP,513,1924,0.018854453,80,390,1,1981,60.747,-179.79633,1901,24
POP,513,1925,0.017131163,80,390,1,1981,60.747,-179.79633,1901,25
POP,513,1926,0.017148947,80,390,1,1981,60.747,-179.79633,1901,26
POP,513,1927,0.016886361,80,390,1,1981,60.747,-179.79633,1901,27
POP,513,1928,0.015174971,80,390,1,1981,60.747,-179.79633,1901,28
POP,513,1929,0.016238133,80,390,1,1981,60.747,-179.79633,1901,29
POP,513,1930,0.015756114,80,390,1,1981,60.747,-179.79633,1901,30
POP,513,1931,0.014190925,80,390,1,1981,60.747,-179.79633,1901,31
POP,513,1932,0.01463842,80,390,1,1981,60.747,-179.79633,1901,32
POP,513,1933,0.014607428,80,390,1,1981,60.747,-179.79633,1901,33
POP,513,1934,0.015382241,80,390,1,1981,60.747,-179.79633,1901,34
POP,513,1935,0.010937492,80,390,1,1981,60.747,-179.79633,1901,35
POP,513,1936,0.011413888,80,390,1,1981,60.747,-179.79633,1901,36
POP,513,1937,0.012863999,80,390,1,1981,60.747,-179.79633,1901,37
POP,513,1938,0.010936315,80,390,1,1981,60.747,-179.79633,1901,38
POP,513,1939,0.010170786,80,390,1,1981,60.747,-179.79633,1901,39
POP,513,1940,0.010633713,80,390,1,1981,60.747,-179.79633,1901,40
POP,513,1941,0.011325618,80,390,1,1981,60.747,-179.79633,1901,41
POP,513,1942,0.010246371,80,390,1,1981,60.747,-179.79633,1901,42
POP,513,1943,0.010569635,80,390,1,1981,60.747,-179.79633,1901,43
POP,513,1944,0.008670067,80,390,1,1981,60.747,-179.79633,1901,44
POP,513,1945,0.011103047,80,390,1,1981,60.747,-179.79633,1901,45
POP,513,1946,0.008359487,80,390,1,1981,60.747,-179.79633,1901,46
POP,513,1947,0.009953053,80,390,1,1981,60.747,-179.79633,1901,47
POP,513,1948,0.009272002,80,390,1,1981,60.747,-179.79633,1901,48
POP,513,1949,0.009709559,80,390,1,1981,60.747,-179.79633,1901,49
POP,513,1950,0.01050425,80,390,1,1981,60.747,-179.79633,1901,50
POP,513,1951,0.009707336,80,390,1,1981,60.747,-179.79633,1901,51
POP,513,1952,0.00981326,80,390,1,1981,60.747,-179.79633,1901,52
POP,513,1953,0.009377795,80,390,1,1981,60.747,-179.79633,1901,53
POP,513,1954,0.009579312,80,390,1,1981,60.747,-179.79633,1901,54
POP,513,1955,0.010732444,80,390,1,1981,60.747,-179.79633,1901,55
POP,513,1956,0.010205048,80,390,1,1981,60.747,-179.79633,1901,56
POP,513,1957,0.010350595,80,390,1,1981,60.747,-179.79633,1901,57
POP,513,1958,0.011044985,80,390,1,1981,60.747,-179.79633,1901,58
POP,513,1959,0.010360534,80,390,1,1981,60.747,-179.79633,1901,59
POP,513,1960,0.009638551,80,390,1,1981,60.747,-179.79633,1901,60
POP,513,1961,0.010569635,80,390,1,1981,60.747,-179.79633,1901,61
POP,513,1962,0.008984961,80,390,1,1981,60.747,-179.79633,1901,62
POP,513,1963,0.011191317,80,390,1,1981,60.747,-179.79633,1901,63
POP,513,1964,0.009745652,80,390,1,1981,60.747,-179.79633,1901,64
POP,513,1965,0.009942723,80,390,1,1981,60.747,-179.79633,1901,65
POP,513,1966,0.010430626,80,390,1,1981,60.747,-179.79633,1901,66
POP,513,1967,0.012484373,80,390,1,1981,60.747,-179.79633,1901,67
POP,513,1968,0.010058716,80,390,1,1981,60.747,-179.79633,1901,68
POP,513,1969,0.009724206,80,390,1,1981,60.747,-179.79633,1901,69
POP,513,1970,0.008649274,80,390,1,1981,60.747,-179.79633,1901,70
POP,513,1971,0.012061854,80,390,1,1981,60.747,-179.79633,1901,71
POP,513,1972,0.016361841,80,390,1,1981,60.747,-179.79633,1901,72
POP,513,1973,0.010842814,80,390,1,1981,60.747,-179.79633,1901,73
POP,513,1974,0.009407219,80,390,1,1981,60.747,-179.79633,1901,74
POP,513,1975,0.010484634,80,390,1,1981,60.747,-179.79633,1901,75
POP,513,1976,0.0149558,80,390,1,1981,60.747,-179.79633,1901,76
POP,513,1977,0.013743821,80,390,1,1981,60.747,-179.79633,1901,77
POP,513,1978,0.015463319,80,390,1,1981,60.747,-179.79633,1901,78
POP,543,1927,0.021917615,67,400,1,1981,60.747,-179.79633,1914,14
POP,543,1928,0.018331503,67,400,1,1981,60.747,-179.79633,1914,15
POP,543,1929,0.017629005,67,400,1,1981,60.747,-179.79633,1914,16
POP,543,1930,0.0240527,67,400,1,1981,60.747,-179.79633,1914,17
POP,543,1931,0.018529619,67,400,1,1981,60.747,-179.79633,1914,18
POP,543,1932,0.017955146,67,400,1,1981,60.747,-179.79633,1914,19
POP,543,1933,0.020191186,67,400,1,1981,60.747,-179.79633,1914,20
POP,543,1934,0.018022492,67,400,1,1981,60.747,-179.79633,1914,21
POP,543,1935,0.01690323,67,400,1,1981,60.747,-179.79633,1914,22
POP,543,1936,0.017532235,67,400,1,1981,60.747,-179.79633,1914,23
POP,543,1937,0.018946515,67,400,1,1981,60.747,-179.79633,1914,24
POP,543,1938,0.014106709,67,400,1,1981,60.747,-179.79633,1914,25
POP,543,1939,0.017664705,67,400,1,1981,60.747,-179.79633,1914,26
POP,543,1940,0.016423303,67,400,1,1981,60.747,-179.79633,1914,27
POP,543,1941,0.016365634,67,400,1,1981,60.747,-179.79633,1914,28
POP,543,1942,0.016027985,67,400,1,1981,60.747,-179.79633,1914,29
POP,543,1943,0.015502027,67,400,1,1981,60.747,-179.79633,1914,30
POP,543,1944,0.014566104,67,400,1,1981,60.747,-179.79633,1914,31
POP,543,1945,0.016126978,67,400,1,1981,60.747,-179.79633,1914,32
POP,543,1946,0.011131424,67,400,1,1981,60.747,-179.79633,1914,33
POP,543,1947,0.016894861,67,400,1,1981,60.747,-179.79633,1914,34
POP,543,1948,0.015293841,67,400,1,1981,60.747,-179.79633,1914,35
POP,543,1949,0.016596835,67,400,1,1981,60.747,-179.79633,1914,36
POP,543,1950,0.015452334,67,400,1,1981,60.747,-179.79633,1914,37
POP,543,1951,0.013632797,67,400,1,1981,60.747,-179.79633,1914,38
POP,543,1952,0.014600235,67,400,1,1981,60.747,-179.79633,1914,39
POP,543,1953,0.011814306,67,400,1,1981,60.747,-179.79633,1914,40
POP,543,1954,0.01286426,67,400,1,1981,60.747,-179.79633,1914,41
POP,543,1955,0.012355564,67,400,1,1981,60.747,-179.79633,1914,42
POP,543,1956,0.013755852,67,400,1,1981,60.747,-179.79633,1914,43
POP,543,1957,0.012888845,67,400,1,1981,60.747,-179.79633,1914,44
POP,543,1958,0.011553158,67,400,1,1981,60.747,-179.79633,1914,45
POP,543,1959,0.013462404,67,400,1,1981,60.747,-179.79633,1914,46
POP,543,1960,0.01336001,67,400,1,1981,60.747,-179.79633,1914,47
POP,543,1961,0.012545704,67,400,1,1981,60.747,-179.79633,1914,48
POP,543,1962,0.015042762,67,400,1,1981,60.747,-179.79633,1914,49
POP,543,1963,0.012259448,67,400,1,1981,60.747,-179.79633,1914,50
POP,543,1964,0.01553655,67,400,1,1981,60.747,-179.79633,1914,51
POP,543,1965,0.013915392,67,400,1,1981,60.747,-179.79633,1914,52
POP,543,1966,0.012930561,67,400,1,1981,60.747,-179.79633,1914,53
POP,543,1967,0.014646659,67,400,1,1981,60.747,-179.79633,1914,54
POP,543,1968,0.013428926,67,400,1,1981,60.747,-179.79633,1914,55
POP,543,1969,0.01483693,67,400,1,1981,60.747,-179.79633,1914,56
POP,543,1970,0.011091147,67,400,1,1981,60.747,-179.79633,1914,57
POP,543,1971,0.011944292,67,400,1,1981,60.747,-179.79633,1914,58
POP,543,1972,0.013587158,67,400,1,1981,60.747,-179.79633,1914,59
POP,543,1973,0.0130255,67,400,1,1981,60.747,-179.79633,1914,60
POP,543,1974,0.014387341,67,400,1,1981,60.747,-179.79633,1914,61
POP,543,1975,0.010275141,67,400,1,1981,60.747,-179.79633,1914,62
POP,543,1976,0.014422649,67,400,1,1981,60.747,-179.79633,1914,63
POP,543,1977,0.015760298,67,400,1,1981,60.747,-179.79633,1914,64
POP,543,1978,0.016531319,67,400,1,1981,60.747,-179.79633,1914,65
POP,978,1918,0.019184386,77,390,2,1981,60.747,-179.79633,1904,15
POP,978,1919,0.021524389,77,390,2,1981,60.747,-179.79633,1904,16
POP,978,1920,0.017766575,77,390,2,1981,60.747,-179.79633,1904,17
POP,978,1921,0.017951877,77,390,2,1981,60.747,-179.79633,1904,18
POP,978,1922,0.018879299,77,390,2,1981,60.747,-179.79633,1904,19
POP,978,1923,0.01925814,77,390,2,1981,60.747,-179.79633,1904,20
POP,978,1924,0.017182686,77,390,2,1981,60.747,-179.79633,1904,21
POP,978,1925,0.014896168,77,390,2,1981,60.747,-179.79633,1904,22
POP,978,1926,0.016142278,77,390,2,1981,60.747,-179.79633,1904,23
POP,978,1927,0.018993985,77,390,2,1981,60.747,-179.79633,1904,24
POP,978,1928,0.013189748,77,390,2,1981,60.747,-179.79633,1904,25
POP,978,1929,0.013383288,77,390,2,1981,60.747,-179.79633,1904,26
POP,978,1930,0.014475219,77,390,2,1981,60.747,-179.79633,1904,27
POP,978,1931,0.011741075,77,390,2,1981,60.747,-179.79633,1904,28
POP,978,1932,0.013106447,77,390,2,1981,60.747,-179.79633,1904,29
POP,978,1933,0.01280986,77,390,2,1981,60.747,-179.79633,1904,30
POP,978,1934,0.011070616,77,390,2,1981,60.747,-179.79633,1904,31
POP,978,1935,0.01242448,77,390,2,1981,60.747,-179.79633,1904,32
POP,978,1936,0.013915522,77,390,2,1981,60.747,-179.79633,1904,33
POP,978,1937,0.010946515,77,390,2,1981,60.747,-179.79633,1904,34
POP,978,1938,0.010636851,77,390,2,1981,60.747,-179.79633,1904,35
POP,978,1939,0.011601543,77,390,2,1981,60.747,-179.79633,1904,36
POP,978,1940,0.009855499,77,390,2,1981,60.747,-179.79633,1904,37
POP,978,1941,0.012477834,77,390,2,1981,60.747,-179.79633,1904,38
POP,978,1942,0.010325749,77,390,2,1981,60.747,-179.79633,1904,39
POP,978,1943,0.010550804,77,390,2,1981,60.747,-179.79633,1904,40
POP,978,1944,0.008354387,77,390,2,1981,60.747,-179.79633,1904,41
POP,978,1945,0.010589251,77,390,2,1981,60.747,-179.79633,1904,42
POP,978,1946,0.010428534,77,390,2,1981,60.747,-179.79633,1904,43
POP,978,1947,0.009965215,77,390,2,1981,60.747,-179.79633,1904,44
POP,978,1948,0.009738852,77,390,2,1981,60.747,-179.79633,1904,45
POP,978,1949,0.010696875,77,390,2,1981,60.747,-179.79633,1904,46
POP,978,1950,0.010994638,77,390,2,1981,60.747,-179.79633,1904,47
POP,978,1951,0.010931869,77,390,2,1981,60.747,-179.79633,1904,48
POP,978,1952,0.007934746,77,390,2,1981,60.747,-179.79633,1904,49
POP,978,1953,0.009174317,77,390,2,1981,60.747,-179.79633,1904,50
POP,978,1954,0.010253825,77,390,2,1981,60.747,-179.79633,1904,51
POP,978,1955,0.008777691,77,390,2,1981,60.747,-179.79633,1904,52
POP,978,1956,0.007327318,77,390,2,1981,60.747,-179.79633,1904,53
POP,978,1957,0.008220217,77,390,2,1981,60.747,-179.79633,1904,54
POP,978,1958,0.008863737,77,390,2,1981,60.747,-179.79633,1904,55
POP,978,1959,0.010904407,77,390,2,1981,60.747,-179.79633,1904,56
POP,978,1960,0.00950595,77,390,2,1981,60.747,-179.79633,1904,57
POP,978,1961,0.00916804,77,390,2,1981,60.747,-179.79633,1904,58
POP,978,1962,0.009488296,77,390,2,1981,60.747,-179.79633,1904,59
POP,978,1963,0.012494181,77,390,2,1981,60.747,-179.79633,1904,60
POP,978,1964,0.009039231,77,390,2,1981,60.747,-179.79633,1904,61
POP,978,1965,0.008515235,77,390,2,1981,60.747,-179.79633,1904,62
POP,978,1966,0.007525173,77,390,2,1981,60.747,-179.79633,1904,63
POP,978,1967,0.009318426,77,390,2,1981,60.747,-179.79633,1904,64
POP,978,1968,0.008629397,77,390,2,1981,60.747,-179.79633,1904,65
POP,978,1969,0.009888061,77,390,2,1981,60.747,-179.79633,1904,66
POP,978,1970,0.010395711,77,390,2,1981,60.747,-179.79633,1904,67
POP,978,1971,0.008355434,77,390,2,1981,60.747,-179.79633,1904,68
POP,978,1972,0.009595266,77,390,2,1981,60.747,-179.79633,1904,69
POP,978,1973,0.008248856,77,390,2,1981,60.747,-179.79633,1904,70
POP,978,1974,0.01119694,77,390,2,1981,60.747,-179.79633,1904,71
POP,978,1975,0.008973846,77,390,2,1981,60.747,-179.79633,1904,72
POP,978,1976,0.009856937,77,390,2,1981,60.747,-179.79633,1904,73
POP,978,1977,0.009837845,77,390,2,1981,60.747,-179.79633,1904,74
POP,978,1978,0.011441742,77,390,2,1981,60.747,-179.79633,1904,75
POP,1081,1937,0.012208448,70,440,2,1981,60.747,-179.79633,1911,27
POP,1081,1938,0.012167386,70,440,2,1981,60.747,-179.79633,1911,28
POP,1081,1939,0.014287302,70,440,2,1981,60.747,-179.79633,1911,29
POP,1081,1940,0.011372434,70,440,2,1981,60.747,-179.79633,1911,30
POP,1081,1941,0.012075585,70,440,2,1981,60.747,-179.79633,1911,31
POP,1081,1942,0.010193409,70,440,2,1981,60.747,-179.79633,1911,32
POP,1081,1943,0.01135321,70,440,2,1981,60.747,-179.79633,1911,33
POP,1081,1944,0.010205702,70,440,2,1981,60.747,-179.79633,1911,34
POP,1081,1945,0.010164247,70,440,2,1981,60.747,-179.79633,1911,35
POP,1081,1946,0.008997908,70,440,2,1981,60.747,-179.79633,1911,36
POP,1081,1947,0.011229109,70,440,2,1981,60.747,-179.79633,1911,37
POP,1081,1948,0.010875114,70,440,2,1981,60.747,-179.79633,1911,38
POP,1081,1949,0.010243233,70,440,2,1981,60.747,-179.79633,1911,39
POP,1081,1950,0.010607035,70,440,2,1981,60.747,-179.79633,1911,40
POP,1081,1951,0.009011769,70,440,2,1981,60.747,-179.79633,1911,41
POP,1081,1952,0.009629659,70,440,2,1981,60.747,-179.79633,1911,42
POP,1081,1953,0.008137309,70,440,2,1981,60.747,-179.79633,1911,43
POP,1081,1954,0.010013862,70,440,2,1981,60.747,-179.79633,1911,44
POP,1081,1955,0.00984883,70,440,2,1981,60.747,-179.79633,1911,45
POP,1081,1956,0.008142409,70,440,2,1981,60.747,-179.79633,1911,46
POP,1081,1957,0.009124886,70,440,2,1981,60.747,-179.79633,1911,47
POP,1081,1958,0.009806852,70,440,2,1981,60.747,-179.79633,1911,48
POP,1081,1959,0.010265987,70,440,2,1981,60.747,-179.79633,1911,49
POP,1081,1960,0.008104747,70,440,2,1981,60.747,-179.79633,1911,50
POP,1081,1961,0.009613574,70,440,2,1981,60.747,-179.79633,1911,51
POP,1081,1962,0.010800183,70,440,2,1981,60.747,-179.79633,1911,52
POP,1081,1963,0.010888322,70,440,2,1981,60.747,-179.79633,1911,53
POP,1081,1964,0.010178371,70,440,2,1981,60.747,-179.79633,1911,54
POP,1081,1965,0.010288087,70,440,2,1981,60.747,-179.79633,1911,55
POP,1081,1966,0.008389303,70,440,2,1981,60.747,-179.79633,1911,56
POP,1081,1967,0.009836145,70,440,2,1981,60.747,-179.79633,1911,57
POP,1081,1968,0.011599189,70,440,2,1981,60.747,-179.79633,1911,58
POP,1081,1969,0.011703805,70,440,2,1981,60.747,-179.79633,1911,59
POP,1081,1970,0.0090051,70,440,2,1981,60.747,-179.79633,1911,60
POP,1081,1971,0.008579051,70,440,2,1981,60.747,-179.79633,1911,61
POP,1081,1972,0.008338564,70,440,2,1981,60.747,-179.79633,1911,62
POP,1081,1973,0.009611874,70,440,2,1981,60.747,-179.79633,1911,63
POP,1081,1974,0.010382241,70,440,2,1981,60.747,-179.79633,1911,64
POP,1081,1975,0.009992415,70,440,2,1981,60.747,-179.79633,1911,65
POP,1081,1976,0.011569112,70,440,2,1981,60.747,-179.79633,1911,66
POP,1081,1977,0.011121093,70,440,2,1981,60.747,-179.79633,1911,67
POP,1081,1978,0.008183078,70,440,2,1981,60.747,-179.79633,1911,68
POP,1081,1979,0.009232509,70,440,2,1981,60.747,-179.79633,1911,69
POP,1159,1929,0.013503988,69,410,2,1981,60.747,-179.79633,1912,18
POP,1159,1930,0.020544135,69,410,2,1981,60.747,-179.79633,1912,19
POP,1159,1931,0.01529201,69,410,2,1981,60.747,-179.79633,1912,20
POP,1159,1932,0.017055185,69,410,2,1981,60.747,-179.79633,1912,21
POP,1159,1933,0.01332771,69,410,2,1981,60.747,-179.79633,1912,22
POP,1159,1934,0.015482934,69,410,2,1981,60.747,-179.79633,1912,23
POP,1159,1935,0.015368249,69,410,2,1981,60.747,-179.79633,1912,24
POP,1159,1936,0.014236956,69,410,2,1981,60.747,-179.79633,1912,25
POP,1159,1937,0.013631359,69,410,2,1981,60.747,-179.79633,1912,26
POP,1159,1938,0.015333203,69,410,2,1981,60.747,-179.79633,1912,27
POP,1159,1939,0.012885968,69,410,2,1981,60.747,-179.79633,1912,28
POP,1159,1940,0.015730483,69,410,2,1981,60.747,-179.79633,1912,29
POP,1159,1941,0.014390741,69,410,2,1981,60.747,-179.79633,1912,30
POP,1159,1942,0.012442919,69,410,2,1981,60.747,-179.79633,1912,31
POP,1159,1943,0.011146855,69,410,2,1981,60.747,-179.79633,1912,32
POP,1159,1944,0.010843337,69,410,2,1981,60.747,-179.79633,1912,33
POP,1159,1945,0.008895122,69,410,2,1981,60.747,-179.79633,1912,34
POP,1159,1946,0.006390088,69,410,2,1981,60.747,-179.79633,1912,35
POP,1159,1947,0.008000523,69,410,2,1981,60.747,-179.79633,1912,36
POP,1159,1948,0.007815483,69,410,2,1981,60.747,-179.79633,1912,37
POP,1159,1949,0.011512881,69,410,2,1981,60.747,-179.79633,1912,38
POP,1159,1950,0.010166209,69,410,2,1981,60.747,-179.79633,1912,39
POP,1159,1951,0.009628089,69,410,2,1981,60.747,-179.79633,1912,40
POP,1159,1952,0.008052831,69,410,2,1981,60.747,-179.79633,1912,41
POP,1159,1953,0.006765267,69,410,2,1981,60.747,-179.79633,1912,42
POP,1159,1954,0.007040016,69,410,2,1981,60.747,-179.79633,1912,43
POP,1159,1955,0.005330849,69,410,2,1981,60.747,-179.79633,1912,44
POP,1159,1956,0.00714084,69,410,2,1981,60.747,-179.79633,1912,45
POP,1159,1957,0.008580881,69,410,2,1981,60.747,-179.79633,1912,46
POP,1159,1958,0.006815483,69,410,2,1981,60.747,-179.79633,1912,47
POP,1159,1959,0.008904276,69,410,2,1981,60.747,-179.79633,1912,48
POP,1159,1960,0.006633713,69,410,2,1981,60.747,-179.79633,1912,49
POP,1159,1961,0.008352033,69,410,2,1981,60.747,-179.79633,1912,50
POP,1159,1962,0.009708905,69,410,2,1981,60.747,-179.79633,1912,51
POP,1159,1963,0.010739375,69,410,2,1981,60.747,-179.79633,1912,52
POP,1159,1964,0.007379234,69,410,2,1981,60.747,-179.79633,1912,53
POP,1159,1965,0.005685759,69,410,2,1981,60.747,-179.79633,1912,54
POP,1159,1966,0.00678776,69,410,2,1981,60.747,-179.79633,1912,55
POP,1159,1967,0.006940761,69,410,2,1981,60.747,-179.79633,1912,56
POP,1159,1968,0.00754492,69,410,2,1981,60.747,-179.79633,1912,57
POP,1159,1969,0.0070289,69,410,2,1981,60.747,-179.79633,1912,58
POP,1159,1970,0.005946907,69,410,2,1981,60.747,-179.79633,1912,59
POP,1159,1971,0.004919315,69,410,2,1981,60.747,-179.79633,1912,60
POP,1159,1972,0.006646528,69,410,2,1981,60.747,-179.79633,1912,61
POP,1159,1973,0.007109978,69,410,2,1981,60.747,-179.79633,1912,62
POP,1159,1974,0.007253302,69,410,2,1981,60.747,-179.79633,1912,63
POP,1159,1975,0.006305087,69,410,2,1981,60.747,-179.79633,1912,64
POP,1159,1976,0.010078331,69,410,2,1981,60.747,-179.79633,1912,65
POP,1159,1977,0.009752321,69,410,2,1981,60.747,-179.79633,1912,66
POP,1159,1978,0.0110102,69,410,2,1981,60.747,-179.79633,1912,67
POP,1159,1979,0.011088008,69,410,2,1981,60.747,-179.79633,1912,68
POP,1342,1919,0.017758075,83,390,1,1981,60.747,-179.79633,1898,22
POP,1342,1920,0.013703152,83,390,1,1981,60.747,-179.79633,1898,23
POP,1342,1921,0.01596443,83,390,1,1981,60.747,-179.79633,1898,24
POP,1342,1922,0.015712436,83,390,1,1981,60.747,-179.79633,1898,25
POP,1342,1923,0.012871453,83,390,1,1981,60.747,-179.79633,1898,26
POP,1342,1924,0.015774944,83,390,1,1981,60.747,-179.79633,1898,27
POP,1342,1925,0.012869622,83,390,1,1981,60.747,-179.79633,1898,28
POP,1342,1926,0.014479142,83,390,1,1981,60.747,-179.79633,1898,29
POP,1342,1927,0.013053616,83,390,1,1981,60.747,-179.79633,1898,30
POP,1342,1928,0.011846083,83,390,1,1981,60.747,-179.79633,1898,31
POP,1342,1929,0.013532235,83,390,1,1981,60.747,-179.79633,1898,32
POP,1342,1930,0.012615928,83,390,1,1981,60.747,-179.79633,1898,33
POP,1342,1931,0.011302995,83,390,1,1981,60.747,-179.79633,1898,34
POP,1342,1932,0.012764483,83,390,1,1981,60.747,-179.79633,1898,35
POP,1342,1933,0.013374918,83,390,1,1981,60.747,-179.79633,1898,36
POP,1342,1934,0.012791421,83,390,1,1981,60.747,-179.79633,1898,37
POP,1342,1935,0.011687067,83,390,1,1981,60.747,-179.79633,1898,38
POP,1342,1936,0.012315287,83,390,1,1981,60.747,-179.79633,1898,39
POP,1342,1937,0.011156794,83,390,1,1981,60.747,-179.79633,1898,40
POP,1342,1938,0.013068916,83,390,1,1981,60.747,-179.79633,1898,41
POP,1342,1939,0.011486988,83,390,1,1981,60.747,-179.79633,1898,42
POP,1342,1940,0.01346018,83,390,1,1981,60.747,-179.79633,1898,43
POP,1342,1941,0.012531581,83,390,1,1981,60.747,-179.79633,1898,44
POP,1342,1942,0.011386818,83,390,1,1981,60.747,-179.79633,1898,45
POP,1342,1943,0.011805545,83,390,1,1981,60.747,-179.79633,1898,46
POP,1342,1944,0.012468288,83,390,1,1981,60.747,-179.79633,1898,47
POP,1342,1945,0.015646005,83,390,1,1981,60.747,-179.79633,1898,48
POP,1342,1946,0.01133608,83,390,1,1981,60.747,-179.79633,1898,49
POP,1342,1947,0.009945077,83,390,1,1981,60.747,-179.79633,1898,50
POP,1342,1948,0.010868184,83,390,1,1981,60.747,-179.79633,1898,51
POP,1342,1949,0.010194455,83,390,1,1981,60.747,-179.79633,1898,52
POP,1342,1950,0.01247875,83,390,1,1981,60.747,-179.79633,1898,53
POP,1342,1951,0.009420426,83,390,1,1981,60.747,-179.79633,1898,54
POP,1342,1952,0.008269387,83,390,1,1981,60.747,-179.79633,1898,55
POP,1342,1953,0.008503204,83,390,1,1981,60.747,-179.79633,1898,56
POP,1342,1954,0.008220217,83,390,1,1981,60.747,-179.79633,1898,57
POP,1342,1955,0.00941258,83,390,1,1981,60.747,-179.79633,1898,58
POP,1342,1956,0.008781614,83,390,1,1981,60.747,-179.79633,1898,59
POP,1342,1957,0.008927553,83,390,1,1981,60.747,-179.79633,1898,60
POP,1342,1958,0.007677128,83,390,1,1981,60.747,-179.79633,1898,61
POP,1342,1959,0.009932653,83,390,1,1981,60.747,-179.79633,1898,62
POP,1342,1960,0.010715444,83,390,1,1981,60.747,-179.79633,1898,63
POP,1342,1961,0.009168301,83,390,1,1981,60.747,-179.79633,1898,64
POP,1342,1962,0.008600105,83,390,1,1981,60.747,-179.79633,1898,65
POP,1342,1963,0.008655551,83,390,1,1981,60.747,-179.79633,1898,66
POP,1342,1964,0.007899961,83,390,1,1981,60.747,-179.79633,1898,67
POP,1342,1965,0.007719759,83,390,1,1981,60.747,-179.79633,1898,68
POP,1342,1966,0.010430103,83,390,1,1981,60.747,-179.79633,1898,69
POP,1342,1967,0.007991108,83,390,1,1981,60.747,-179.79633,1898,70
POP,1342,1968,0.009294102,83,390,1,1981,60.747,-179.79633,1898,71
POP,1342,1969,0.009329672,83,390,1,1981,60.747,-179.79633,1898,72
POP,1342,1970,0.009779783,83,390,1,1981,60.747,-179.79633,1898,73
POP,1342,1971,0.008883745,83,390,1,1981,60.747,-179.79633,1898,74
POP,1342,1972,0.008356872,83,390,1,1981,60.747,-179.79633,1898,75
POP,1342,1973,0.009713482,83,390,1,1981,60.747,-179.79633,1898,76
POP,1342,1974,0.00966222,83,390,1,1981,60.747,-179.79633,1898,77
POP,1342,1975,0.007808552,83,390,1,1981,60.747,-179.79633,1898,78
POP,1342,1976,0.009982869,83,390,1,1981,60.747,-179.79633,1898,79
POP,1342,1977,0.011332679,83,390,1,1981,60.747,-179.79633,1898,80
POP,1347,1929,0.016511181,79,390,1,1981,60.747,-179.79633,1902,28
POP,1347,1930,0.016531189,79,390,1,1981,60.747,-179.79633,1902,29
POP,1347,1931,0.014506996,79,390,1,1981,60.747,-179.79633,1902,30
POP,1347,1932,0.014796391,79,390,1,1981,60.747,-179.79633,1902,31
POP,1347,1933,0.014704198,79,390,1,1981,60.747,-179.79633,1902,32
POP,1347,1934,0.015455865,79,390,1,1981,60.747,-179.79633,1902,33
POP,1347,1935,0.014343533,79,390,1,1981,60.747,-179.79633,1902,34
POP,1347,1936,0.017171571,79,390,1,1981,60.747,-179.79633,1902,35
POP,1347,1937,0.01646358,79,390,1,1981,60.747,-179.79633,1902,36
POP,1347,1938,0.018183601,79,390,1,1981,60.747,-179.79633,1902,37
POP,1347,1939,0.013595789,79,390,1,1981,60.747,-179.79633,1902,38
POP,1347,1940,0.013139793,79,390,1,1981,60.747,-179.79633,1902,39
POP,1347,1941,0.013756244,79,390,1,1981,60.747,-179.79633,1902,40
POP,1347,1942,0.014051523,79,390,1,1981,60.747,-179.79633,1902,41
POP,1347,1943,0.013310841,79,390,1,1981,60.747,-179.79633,1902,42
POP,1347,1944,0.012149078,79,390,1,1981,60.747,-179.79633,1902,43
POP,1347,1945,0.015971884,79,390,1,1981,60.747,-179.79633,1902,44
POP,1347,1946,0.012786452,79,390,1,1981,60.747,-179.79633,1902,45
POP,1347,1947,0.013433634,79,390,1,1981,60.747,-179.79633,1902,46
POP,1347,1948,0.012892638,79,390,1,1981,60.747,-179.79633,1902,47
POP,1347,1949,0.012341441,79,390,1,1981,60.747,-179.79633,1902,48
POP,1347,1950,0.012761998,79,390,1,1981,60.747,-179.79633,1902,49
POP,1347,1951,0.013067085,79,390,1,1981,60.747,-179.79633,1902,50
POP,1347,1952,0.012300379,79,390,1,1981,60.747,-179.79633,1902,51
POP,1347,1953,0.011041454,79,390,1,1981,60.747,-179.79633,1902,52
POP,1347,1954,0.012019746,79,390,1,1981,60.747,-179.79633,1902,53
POP,1347,1955,0.011673597,79,390,1,1981,60.747,-179.79633,1902,54
POP,1347,1956,0.013051916,79,390,1,1981,60.747,-179.79633,1902,55
POP,1347,1957,0.009620636,79,390,1,1981,60.747,-179.79633,1902,56
POP,1347,1958,0.01145508,79,390,1,1981,60.747,-179.79633,1902,57
POP,1347,1959,0.012996731,79,390,1,1981,60.747,-179.79633,1902,58
POP,1347,1960,0.012563881,79,390,1,1981,60.747,-179.79633,1902,59
POP,1347,1961,0.012585328,79,390,1,1981,60.747,-179.79633,1902,60
POP,1347,1962,0.013221786,79,390,1,1981,60.747,-179.79633,1902,61
POP,1347,1963,0.013507258,79,390,1,1981,60.747,-179.79633,1902,62
POP,1347,1964,0.012713482,79,390,1,1981,60.747,-179.79633,1902,63
POP,1347,1965,0.01120544,79,390,1,1981,60.747,-179.79633,1902,64
POP,1347,1966,0.012381457,79,390,1,1981,60.747,-179.79633,1902,65
POP,1347,1967,0.01354152,79,390,1,1981,60.747,-179.79633,1902,66
POP,1347,1968,0.011481888,79,390,1,1981,60.747,-179.79633,1902,67
POP,1347,1969,0.013377403,79,390,1,1981,60.747,-179.79633,1902,68
POP,1347,1970,0.01036498,79,390,1,1981,60.747,-179.79633,1902,69
POP,1347,1971,0.012475088,79,390,1,1981,60.747,-179.79633,1902,70
POP,1347,1972,0.012762521,79,390,1,1981,60.747,-179.79633,1902,71
POP,1347,1973,0.011948477,79,390,1,1981,60.747,-179.79633,1902,72
POP,1347,1974,0.012209755,79,390,1,1981,60.747,-179.79633,1902,73
POP,1347,1975,0.012089316,79,390,1,1981,60.747,-179.79633,1902,74
POP,1347,1976,0.012782529,79,390,1,1981,60.747,-179.79633,1902,75
POP,1347,1977,0.018245979,79,390,1,1981,60.747,-179.79633,1902,76
POP,1347,1978,0.014717667,79,390,1,1981,60.747,-179.79633,1902,77
POP,1347,1979,0.014928338,79,390,1,1981,60.747,-179.79633,1902,78
POP,1353,1909,0.040574539,73,390,1,1981,60.747,-179.79633,1908,2
POP,1353,1910,0.030292664,73,390,1,1981,60.747,-179.79633,1908,3
POP,1353,1911,0.036603374,73,390,1,1981,60.747,-179.79633,1908,4
POP,1353,1912,0.034184582,73,390,1,1981,60.747,-179.79633,1908,5
POP,1353,1913,0.03933451,73,390,1,1981,60.747,-179.79633,1908,6
POP,1353,1914,0.028254348,73,390,1,1981,60.747,-179.79633,1908,7
POP,1353,1915,0.03207467,73,390,1,1981,60.747,-179.79633,1908,8
POP,1353,1916,0.031837845,73,390,1,1981,60.747,-179.79633,1908,9
POP,1353,1917,0.026211979,73,390,1,1981,60.747,-179.79633,1908,10
POP,1353,1918,0.026667059,73,390,1,1981,60.747,-179.79633,1908,11
POP,1353,1919,0.031919838,73,390,1,1981,60.747,-179.79633,1908,12
POP,1353,1920,0.022061331,73,390,1,1981,60.747,-179.79633,1908,13
POP,1353,1921,0.024388911,73,390,1,1981,60.747,-179.79633,1908,14
POP,1353,1922,0.023694782,73,390,1,1981,60.747,-179.79633,1908,15
POP,1353,1923,0.022273571,73,390,1,1981,60.747,-179.79633,1908,16
POP,1353,1924,0.022313325,73,390,1,1981,60.747,-179.79633,1908,17
POP,1353,1925,0.021847653,73,390,1,1981,60.747,-179.79633,1908,18
POP,1353,1926,0.020539166,73,390,1,1981,60.747,-179.79633,1908,19
POP,1353,1927,0.018647705,73,390,1,1981,60.747,-179.79633,1908,20
POP,1353,1928,0.017812999,73,390,1,1981,60.747,-179.79633,1908,21
POP,1353,1929,0.01815784,73,390,1,1981,60.747,-179.79633,1908,22
POP,1353,1930,0.016346541,73,390,1,1981,60.747,-179.79633,1908,23
POP,1353,1931,0.018645743,73,390,1,1981,60.747,-179.79633,1908,24
POP,1353,1932,0.019873414,73,390,1,1981,60.747,-179.79633,1908,25
POP,1353,1933,0.01775559,73,390,1,1981,60.747,-179.79633,1908,26
POP,1353,1934,0.017191578,73,390,1,1981,60.747,-179.79633,1908,27
POP,1353,1935,0.018618412,73,390,1,1981,60.747,-179.79633,1908,28
POP,1353,1936,0.018117824,73,390,1,1981,60.747,-179.79633,1908,29
POP,1353,1937,0.016940238,73,390,1,1981,60.747,-179.79633,1908,30
POP,1353,1938,0.016085131,73,390,1,1981,60.747,-179.79633,1908,31
POP,1353,1939,0.016717667,73,390,1,1981,60.747,-179.79633,1908,32
POP,1353,1940,0.01670459,73,390,1,1981,60.747,-179.79633,1908,33
POP,1353,1941,0.017537204,73,390,1,1981,60.747,-179.79633,1908,34
POP,1353,1942,0.01474879,73,390,1,1981,60.747,-179.79633,1908,35
POP,1353,1943,0.014802537,73,390,1,1981,60.747,-179.79633,1908,36
POP,1353,1944,0.014603897,73,390,1,1981,60.747,-179.79633,1908,37
POP,1353,1945,0.012742775,73,390,1,1981,60.747,-179.79633,1908,38
POP,1353,1946,0.011329149,73,390,1,1981,60.747,-179.79633,1908,39
POP,1353,1947,0.015104747,73,390,1,1981,60.747,-179.79633,1908,40
POP,1353,1948,0.009891199,73,390,1,1981,60.747,-179.79633,1908,41
POP,1353,1949,0.014294887,73,390,1,1981,60.747,-179.79633,1908,42
POP,1353,1950,0.015355041,73,390,1,1981,60.747,-179.79633,1908,43
POP,1353,1951,0.012256702,73,390,1,1981,60.747,-179.79633,1908,44
POP,1353,1952,0.01471819,73,390,1,1981,60.747,-179.79633,1908,45
POP,1353,1953,0.011905453,73,390,1,1981,60.747,-179.79633,1908,46
POP,1353,1954,0.01144645,73,390,1,1981,60.747,-179.79633,1908,47
POP,1353,1955,0.011083824,73,390,1,1981,60.747,-179.79633,1908,48
POP,1353,1956,0.012309402,73,390,1,1981,60.747,-179.79633,1908,49
POP,1353,1957,0.00979966,73,390,1,1981,60.747,-179.79633,1908,50
POP,1353,1958,0.013234079,73,390,1,1981,60.747,-179.79633,1908,51
POP,1353,1959,0.009939192,73,390,1,1981,60.747,-179.79633,1908,52
POP,1353,1960,0.008455211,73,390,1,1981,60.747,-179.79633,1908,53
POP,1353,1961,0.008069701,73,390,1,1981,60.747,-179.79633,1908,54
POP,1353,1962,0.012884661,73,390,1,1981,60.747,-179.79633,1908,55
POP,1353,1963,0.015110239,73,390,1,1981,60.747,-179.79633,1908,56
POP,1353,1964,0.014958023,73,390,1,1981,60.747,-179.79633,1908,57
POP,1353,1965,0.011701713,73,390,1,1981,60.747,-179.79633,1908,58
POP,1353,1966,0.011886099,73,390,1,1981,60.747,-179.79633,1908,59
POP,1353,1967,0.012186871,73,390,1,1981,60.747,-179.79633,1908,60
POP,1353,1968,0.012024454,73,390,1,1981,60.747,-179.79633,1908,61
POP,1353,1969,0.015264417,73,390,1,1981,60.747,-179.79633,1908,62
POP,1353,1970,0.013597097,73,390,1,1981,60.747,-179.79633,1908,63
POP,1353,1971,0.011126324,73,390,1,1981,60.747,-179.79633,1908,64
POP,1353,1972,0.013136393,73,390,1,1981,60.747,-179.79633,1908,65
POP,1353,1973,0.011705636,73,390,1,1981,60.747,-179.79633,1908,66
POP,1353,1974,0.013615012,73,390,1,1981,60.747,-179.79633,1908,67
POP,1353,1975,0.010791291,73,390,1,1981,60.747,-179.79633,1908,68
POP,1353,1976,0.01610697,73,390,1,1981,60.747,-179.79633,1908,69
POP,1353,1977,0.019634628,73,390,1,1981,60.747,-179.79633,1908,70
POP,1353,1978,0.018018046,73,390,1,1981,60.747,-179.79633,1908,71
POP,1353,1979,0.014762521,73,390,1,1981,60.747,-179.79633,1908,72
POP,1372,1919,0.024200078,73,400,1,1981,60.747,-179.79633,1908,12
POP,1372,1920,0.023398457,73,400,1,1981,60.747,-179.79633,1908,13
POP,1372,1921,0.021354649,73,400,1,1981,60.747,-179.79633,1908,14
POP,1372,1922,0.022202302,73,400,1,1981,60.747,-179.79633,1908,15
POP,1372,1923,0.020133124,73,400,1,1981,60.747,-179.79633,1908,16
POP,1372,1924,0.02124951,73,400,1,1981,60.747,-179.79633,1908,17
POP,1372,1925,0.019928469,73,400,1,1981,60.747,-179.79633,1908,18
POP,1372,1926,0.02079626,73,400,1,1981,60.747,-179.79633,1908,19
POP,1372,1927,0.019671505,73,400,1,1981,60.747,-179.79633,1908,20
POP,1372,1928,0.018373087,73,400,1,1981,60.747,-179.79633,1908,21
POP,1372,1929,0.017286518,73,400,1,1981,60.747,-179.79633,1908,22
POP,1372,1930,0.018197725,73,400,1,1981,60.747,-179.79633,1908,23
POP,1372,1931,0.015991761,73,400,1,1981,60.747,-179.79633,1908,24
POP,1372,1932,0.017011769,73,400,1,1981,60.747,-179.79633,1908,25
POP,1372,1933,0.016389172,73,400,1,1981,60.747,-179.79633,1908,26
POP,1372,1934,0.018375441,73,400,1,1981,60.747,-179.79633,1908,27
POP,1372,1935,0.017007715,73,400,1,1981,60.747,-179.79633,1908,28
POP,1372,1936,0.016958023,73,400,1,1981,60.747,-179.79633,1908,29
POP,1372,1937,0.017061462,73,400,1,1981,60.747,-179.79633,1908,30
POP,1372,1938,0.016151563,73,400,1,1981,60.747,-179.79633,1908,31
POP,1372,1939,0.015785275,73,400,1,1981,60.747,-179.79633,1908,32
POP,1372,1940,0.017442526,73,400,1,1981,60.747,-179.79633,1908,33
POP,1372,1941,0.016196809,73,400,1,1981,60.747,-179.79633,1908,34
POP,1372,1942,0.015730483,73,400,1,1981,60.747,-179.79633,1908,35
POP,1372,1943,0.01664352,73,400,1,1981,60.747,-179.79633,1908,36
POP,1372,1944,0.015759383,73,400,1,1981,60.747,-179.79633,1908,37
POP,1372,1945,0.015289918,73,400,1,1981,60.747,-179.79633,1908,38
POP,1372,1946,0.015596966,73,400,1,1981,60.747,-179.79633,1908,39
POP,1372,1947,0.016044723,73,400,1,1981,60.747,-179.79633,1908,40
POP,1372,1948,0.013802275,73,400,1,1981,60.747,-179.79633,1908,41
POP,1372,1949,0.016255394,73,400,1,1981,60.747,-179.79633,1908,42
POP,1372,1950,0.01783196,73,400,1,1981,60.747,-179.79633,1908,43
POP,1372,1951,0.01762992,73,400,1,1981,60.747,-179.79633,1908,44
POP,1372,1952,0.014338303,73,400,1,1981,60.747,-179.79633,1908,45
POP,1372,1953,0.014953184,73,400,1,1981,60.747,-179.79633,1908,46
POP,1372,1954,0.014342487,73,400,1,1981,60.747,-179.79633,1908,47
POP,1372,1955,0.01323774,73,400,1,1981,60.747,-179.79633,1908,48
POP,1372,1956,0.014833399,73,400,1,1981,60.747,-179.79633,1908,49
POP,1372,1957,0.015088924,73,400,1,1981,60.747,-179.79633,1908,50
POP,1372,1958,0.013885576,73,400,1,1981,60.747,-179.79633,1908,51
POP,1372,1959,0.012116909,73,400,1,1981,60.747,-179.79633,1908,52
POP,1372,1960,0.014201909,73,400,1,1981,60.747,-179.79633,1908,53
POP,1372,1961,0.014060939,73,400,1,1981,60.747,-179.79633,1908,54
POP,1372,1962,0.017536812,73,400,1,1981,60.747,-179.79633,1908,55
POP,1372,1963,0.015700405,73,400,1,1981,60.747,-179.79633,1908,56
POP,1372,1964,0.011803191,73,400,1,1981,60.747,-179.79633,1908,57
POP,1372,1965,0.013083301,73,400,1,1981,60.747,-179.79633,1908,58
POP,1372,1966,0.013196417,73,400,1,1981,60.747,-179.79633,1908,59
POP,1372,1967,0.013913953,73,400,1,1981,60.747,-179.79633,1908,60
POP,1372,1968,0.011503335,73,400,1,1981,60.747,-179.79633,1908,61
POP,1372,1969,0.0149592,73,400,1,1981,60.747,-179.79633,1908,62
POP,1372,1970,0.011559043,73,400,1,1981,60.747,-179.79633,1908,63
POP,1372,1971,0.013183078,73,400,1,1981,60.747,-179.79633,1908,64
POP,1372,1972,0.013970315,73,400,1,1981,60.747,-179.79633,1908,65
POP,1372,1973,0.015015431,73,400,1,1981,60.747,-179.79633,1908,66
POP,1372,1974,0.01417484,73,400,1,1981,60.747,-179.79633,1908,67
POP,1372,1975,0.015444357,73,400,1,1981,60.747,-179.79633,1908,68
POP,1372,1976,0.017486073,73,400,1,1981,60.747,-179.79633,1908,69
POP,1372,1977,0.017103178,73,400,1,1981,60.747,-179.79633,1908,70
POP,1372,1978,0.016518504,73,400,1,1981,60.747,-179.79633,1908,71
POP,1372,1979,0.01721054,73,400,1,1981,60.747,-179.79633,1908,72
